,name_datetime,I,LAT,LONG,PRES,WND,OWD,END_TAG
0,0001_2004021112,0,98,1450,1004,10, ,0
1,0001_2004021118,0,106,1438,1004,10, ,0
2,0001_2004021200,0,115,1425,1004,10, ,0
3,0001_2004021206,1,119,1416,1002,15, ,0
4,0001_2004021212,1,121,1402,1002,15, ,0
5,0001_2004021218,1,122,1385,1002,15, ,0
6,0001_2004021300,1,124,1374,1002,15, ,0
7,0001_2004021306,1,128,1368,1002,15, ,0
8,0001_2004021312,1,134,1360,1002,15, ,0
9,0001_2004021318,1,139,1354,1000,15, ,0
10,0001_2004021400,1,143,1353,1000,15, ,0
11,0001_2004021406,1,145,1354,1000,15, ,0
12,0001_2004021412,1,147,1355,1002,15, ,0
13,0001_2004021418,1,148,1358,1002,15, ,0
14,0001_2004021500,1,147,1365,1002,15, ,0
15,0001_2004021506,1,147,1368,1002,15, ,0
16,0001_2004021512,1,143,1370,1002,15, ,0
17,0001_2004021518,1,140,1366,1002,15, ,0
18,0001_2004021600,1,130,1360,1002,15, ,0
19,0001_2004021606,1,118,1355,1002,15, ,0
20,0001_2004021612,1,100,1350,1002,15, ,0
21,0002_2004031600,0,65,1380,1004,10, ,0
22,0002_2004031606,0,62,1374,1004,10, ,0
23,0002_2004031612,1,59,1367,1002,12, ,0
24,0002_2004031618,1,57,1360,1000,15, ,0
25,0002_2004031700,1,60,1350,1000,15, ,0
26,0002_2004031706,1,63,1340,1000,15, ,0
27,0002_2004031712,1,65,1337,1000,15, ,0
28,0002_2004031718,1,67,1330,1000,15, ,0
29,0002_2004031800,1,75,1317,1000,15, ,0
30,0002_2004031806,1,87,1305,1000,15, ,0
31,0002_2004031812,1,97,1294,1000,15, ,0
32,0002_2004031818,1,102,1288,1000,15, ,0
33,0002_2004031900,1,108,1281,1000,15, ,0
34,0002_2004031906,1,114,1276,998,15, ,0
35,0002_2004031912,1,118,1271,998,15, ,0
36,0002_2004031918,1,125,1265,998,15, ,0
37,0002_2004032000,1,133,1258,998,15, ,0
38,0002_2004032006,1,138,1253,998,15, ,0
39,0002_2004032012,1,142,1249,1000,15, ,0
40,0002_2004032018,1,147,1245,1000,15, ,0
41,0002_2004032100,1,153,1243,1000,15, ,0
42,0002_2004032106,1,156,1241,1000,15, ,0
43,0002_2004032112,1,160,1243,1000,15, ,0
44,0002_2004032118,1,165,1245,1000,15, ,0
45,0002_2004032200,1,167,1246,1002,12, ,0
46,0002_2004032206,1,169,1247,1002,12, ,0
47,0003_2004040218,0,64,1528,1004,10, ,1
48,0003_2004040300,0,63,1523,1004,10, ,1
49,0003_2004040306,1,64,1519,1004,12, ,1
50,0003_2004040312,1,66,1514,1004,12, ,1
51,0003_2004040318,1,65,1510,1002,12, ,1
52,0003_2004040400,1,65,1506,1002,15, ,1
53,0003_2004040406,1,67,1501,1000,15, ,1
54,0003_2004040412,1,71,1496,1000,15, ,1
55,0003_2004040418,1,78,1493,1000,15, ,1
56,0003_2004040500,2,84,1491,998,18, ,1
57,0003_2004040506,2,88,1488,995,20, ,1
58,0003_2004040512,2,93,1486,995,20, ,1
59,0003_2004040518,2,95,1477,990,23, ,1
60,0003_2004040600,3,93,1470,990,25, ,1
61,0003_2004040606,3,92,1462,990,25, ,1
62,0003_2004040612,3,95,1454,985,28, ,1
63,0003_2004040618,3,99,1449,980,30, ,1
64,0003_2004040700,3,100,1441,980,30, ,1
65,0003_2004040706,3,99,1430,980,30, ,1
66,0003_2004040712,3,97,1422,980,30, ,1
67,0003_2004040718,4,93,1415,975,33, ,1
68,0003_2004040800,4,91,1406,970,35, ,1
69,0003_2004040806,4,88,1398,960,40, ,1
70,0003_2004040812,4,88,1391,960,40, ,1
71,0003_2004040818,4,89,1385,960,40, ,1
72,0003_2004040900,5,91,1380,950,45, ,1
73,0003_2004040906,5,95,1372,950,45, ,1
74,0003_2004040912,5,99,1366,945,50, ,1
75,0003_2004040918,5,103,1358,940,50, ,1
76,0003_2004041000,5,108,1352,940,50, ,1
77,0003_2004041006,5,113,1344,940,50, ,1
78,0003_2004041012,5,119,1335,940,50, ,1
79,0003_2004041018,5,124,1328,945,50, ,1
80,0003_2004041100,5,131,1321,950,45, ,1
81,0003_2004041106,5,136,1317,950,45, ,1
82,0003_2004041112,5,142,1314,950,45, ,1
83,0003_2004041118,5,148,1312,950,45, ,1
84,0003_2004041200,5,154,1310,950,45, ,1
85,0003_2004041206,5,157,1310,950,45, ,1
86,0003_2004041212,5,161,1311,950,45, ,1
87,0003_2004041218,5,166,1313,950,45, ,1
88,0003_2004041300,5,172,1316,950,45, ,1
89,0003_2004041306,5,178,1320,950,45, ,1
90,0003_2004041312,5,186,1325,950,45, ,1
91,0003_2004041318,5,195,1331,950,45, ,1
92,0003_2004041400,5,204,1339,950,45, ,1
93,0003_2004041406,4,214,1350,960,40, ,1
94,0003_2004041412,4,224,1364,965,40, ,1
95,0003_2004041418,4,231,1380,970,35, ,1
96,0003_2004041500,4,237,1391,975,33, ,1
97,0003_2004041506,3,244,1410,980,30, ,1
98,0003_2004041512,3,253,1431,980,30, ,1
99,0003_2004041518,3,265,1462,985,28, ,1
100,0003_2004041600,3,275,1481,990,25, ,1
101,0003_2004041606,2,285,1507,990,23, ,1
102,0003_2004041612,9,290,1530,992,23, ,1
103,0003_2004041618,9,304,1578,992,23, ,1
104,0003_2004041700,9,327,1620,994,20, ,1
105,0003_2004041706,9,351,1680,994,20, ,1
106,0003_2004041712,9,375,1737,996,20, ,1
107,0003_2004041718,9,393,1800,1000,20, ,1
108,0004_2004051300,0,72,1325,1004,10, ,1
109,0004_2004051306,0,74,1324,1004,10, ,1
110,0004_2004051312,1,78,1323,1002,12, ,1
111,0004_2004051318,1,80,1320,1000,15, ,1
112,0004_2004051400,2,83,1318,998,18, ,1
113,0004_2004051406,2,85,1315,990,23, ,1
114,0004_2004051412,3,89,1310,985,28, ,1
115,0004_2004051418,3,92,1305,980,30, ,1
116,0004_2004051500,3,96,1297,980,30, ,1
117,0004_2004051506,3,98,1292,980,30, ,1
118,0004_2004051512,4,102,1285,970,35, ,1
119,0004_2004051518,4,107,1279,960,40, ,1
120,0004_2004051600,5,111,1272,955,45, ,1
121,0004_2004051606,5,119,1264,945,50, ,1
122,0004_2004051612,5,126,1256,940,50, ,1
123,0004_2004051618,5,135,1248,940,50, ,1
124,0004_2004051700,5,141,1242,940,50, ,1
125,0004_2004051706,5,147,1239,940,50, ,1
126,0004_2004051712,5,154,1237,940,50, ,1
127,0004_2004051718,5,162,1235,940,50, ,1
128,0004_2004051800,5,168,1235,940,50, ,1
129,0004_2004051806,5,175,1237,940,50, ,1
130,0004_2004051812,5,185,1240,945,50, ,1
131,0004_2004051818,5,193,1245,950,45, ,1
132,0004_2004051900,5,200,1251,950,45, ,1
133,0004_2004051906,4,212,1264,960,40, ,1
134,0004_2004051912,4,225,1280,960,40, ,1
135,0004_2004051918,4,238,1298,960,40, ,1
136,0004_2004052000,4,252,1315,965,40, ,1
137,0004_2004052006,4,270,1342,970,35, ,1
138,0004_2004052012,4,288,1371,970,35, ,1
139,0004_2004052018,3,312,1398,980,30, ,1
140,0004_2004052100,3,345,1433,985,25, ,1
141,0004_2004052106,9,374,1458,985,20, ,1
142,0005_2004051406,1,98,1131,1004,15, ,0
143,0005_2004051412,1,97,1123,1004,15, ,0
144,0005_2004051418,1,97,1118,1004,15, ,0
145,0005_2004051500,1,97,1112,1004,15, ,0
146,0005_2004051506,1,96,1108,1004,15, ,0
147,0005_2004051512,1,95,1105,1004,15, ,0
148,0005_2004051518,1,95,1100,1004,15, ,0
149,0005_2004051600,1,97,1094,1004,15, ,0
150,0005_2004051606,1,97,1088,1004,15, ,0
151,0005_2004051612,1,97,1082,1004,15, ,0
152,0005_2004051618,1,93,1083,1004,15, ,0
153,0005_2004051700,1,98,1092,1004,15, ,0
154,0005_2004051706,1,102,1097,1004,12, ,0
155,0006_2004051612,0,63,1414,1004,10, ,0
156,0006_2004051618,0,66,1409,1004,10, ,0
157,0006_2004051700,1,69,1405,1002,12, ,0
158,0006_2004051706,1,73,1398,1002,12, ,0
159,0006_2004051712,1,78,1393,1002,12, ,0
160,0006_2004051718,1,81,1389,1000,15, ,0
161,0006_2004051800,2,85,1384,995,18, ,0
162,0006_2004051806,2,89,1375,995,18, ,0
163,0006_2004051812,2,95,1365,995,18, ,0
164,0006_2004051818,2,98,1356,995,20, ,0
165,0006_2004051900,2,102,1349,995,20, ,0
166,0006_2004051906,2,108,1339,995,20, ,0
167,0006_2004051912,3,114,1331,990,25, ,0
168,0006_2004051918,3,119,1332,990,25, ,0
169,0006_2004052000,2,127,1334,990,23, ,0
170,0006_2004052006,2,136,1336,990,23, ,0
171,0006_2004052012,2,145,1338,990,23, ,0
172,0006_2004052018,2,154,1340,995,20, ,0
173,0006_2004052100,2,164,1345,995,18, ,0
174,0006_2004052106,1,167,1348,1000,15, ,0
175,0006_2004052112,1,171,1349,1000,15, ,0
176,0006_2004052118,1,182,1350,1002,12, ,0
177,0006_2004052200,1,192,1348,1002,12, ,0
178,0007_2004060418,0,150,1162,1004,10, ,0
179,0007_2004060500,1,152,1162,1002,12, ,0
180,0007_2004060506,1,149,1165,1002,12, ,0
181,0007_2004060512,1,147,1172,1000,15, ,0
182,0007_2004060518,1,148,1176,1000,15, ,0
183,0007_2004060600,1,152,1179,1000,15, ,0
184,0007_2004060606,1,156,1182,1000,15, ,0
185,0007_2004060612,2,160,1184,995,18, ,0
186,0007_2004060618,2,163,1185,995,20, ,0
187,0007_2004060700,2,165,1186,995,23, ,0
188,0007_2004060706,2,167,1188,990,23, ,0
189,0007_2004060712,3,173,1191,990,25, ,0
190,0007_2004060718,3,179,1191,990,25, ,0
191,0007_2004060800,3,186,1194,980,30, ,0
192,0007_2004060806,4,194,1197,975,33, ,0
193,0007_2004060812,4,199,1201,970,35, ,0
194,0007_2004060818,4,205,1206,970,35, ,0
195,0007_2004060900,4,211,1214,970,35, ,0
196,0007_2004060906,4,224,1225,965,40, ,0
197,0007_2004060912,4,236,1237,965,40, ,0
198,0007_2004060918,4,248,1249,965,40, ,0
199,0007_2004061000,4,259,1262,965,40, ,0
200,0007_2004061006,4,271,1274,970,35, ,0
201,0007_2004061012,4,285,1290,970,35, ,0
202,0007_2004061018,3,297,1307,980,30, ,0
203,0007_2004061100,3,310,1320,985,28, ,0
204,0007_2004061106,2,329,1338,995,20, ,0
205,0007_2004061112,9,355,1364,1005,12, ,0
206,0007_2004061118,9,369,1394,1008,10, ,0
207,0007_2004061200,9,380,1426,1008,10, ,0
208,0008_2004060718,0,86,1322,1008,10, ,0
209,0008_2004060800,0,90,1305,1008,10, ,0
210,0008_2004060806,1,93,1286,1006,12, ,0
211,0008_2004060812,1,95,1275,1006,12, ,0
212,0008_2004060818,1,101,1264,1006,12, ,0
213,0008_2004060900,1,107,1250,1004,12, ,0
214,0008_2004060906,1,109,1238,1004,12, ,0
215,0008_2004060912,1,110,1224,1004,12, ,0
216,0008_2004060918,1,111,1210,1002,12, ,0
217,0008_2004061000,1,114,1200,1002,12, ,0
218,0008_2004061006,1,117,1192,1000,15, ,0
219,0008_2004061012,1,120,1185,1000,15, ,0
220,0008_2004061018,2,123,1175,995,18, ,0
221,0008_2004061100,2,126,1163,995,18, ,0
222,0008_2004061106,2,130,1153,995,20, ,0
223,0008_2004061112,2,132,1142,995,20, ,0
224,0008_2004061118,2,136,1131,990,23, ,0
225,0008_2004061200,3,139,1115,982,28, ,0
226,0008_2004061206,3,140,1102,980,30, ,0
227,0008_2004061212,3,139,1087,982,28, ,0
228,0008_2004061218,2,140,1074,990,23, ,0
229,0008_2004061300,2,142,1060,995,20, ,0
230,0008_2004061306,1,147,1050,1000,15, ,0
231,0008_2004061312,0,153,1045,1002,10, ,0
232,0009_2004061118,1,65,1391,1004,12, ,1
233,0009_2004061200,1,68,1385,1004,12, ,1
234,0009_2004061206,1,74,1380,1004,12, ,1
235,0009_2004061212,1,78,1375,1004,12, ,1
236,0009_2004061218,1,80,1372,1004,12, ,1
237,0009_2004061300,1,83,1370,1000,15, ,1
238,0009_2004061306,1,91,1366,1000,15, ,1
239,0009_2004061312,2,93,1364,995,18, ,1
240,0009_2004061318,2,90,1363,995,20, ,1
241,0009_2004061400,2,91,1367,990,23, ,1
242,0009_2004061406,3,96,1368,990,25, ,1
243,0009_2004061412,3,99,1370,985,28, ,1
244,0009_2004061418,4,107,1373,975,33, ,1
245,0009_2004061500,4,112,1373,970,35, ,1
246,0009_2004061506,4,119,1372,960,40, ,1
247,0009_2004061512,5,127,1369,940,50, ,1
248,0009_2004061518,6,135,1368,930,55, ,1
249,0009_2004061600,6,143,1365,920,60, ,1
250,0009_2004061606,6,151,1360,920,60, ,1
251,0009_2004061612,6,157,1356,920,60, ,1
252,0009_2004061618,6,165,1352,920,60, ,1
253,0009_2004061700,6,171,1343,920,60, ,1
254,0009_2004061706,6,174,1336,920,60, ,1
255,0009_2004061712,6,177,1328,935,55, ,1
256,0009_2004061718,6,180,1321,935,55, ,1
257,0009_2004061800,6,185,1316,935,55, ,1
258,0009_2004061806,6,193,1312,920,60, ,1
259,0009_2004061812,6,202,1303,920,60, ,1
260,0009_2004061818,5,212,1297,940,50, ,1
261,0009_2004061900,5,222,1294,940,50, ,1
262,0009_2004061906,5,233,1291,945,50, ,1
263,0009_2004061912,5,244,1292,950,45, ,1
264,0009_2004061918,5,256,1293,955,45, ,1
265,0009_2004062000,4,269,1298,960,40, ,1
266,0009_2004062006,4,282,1304,965,40, ,1
267,0009_2004062012,4,295,1313,965,40, ,1
268,0009_2004062018,4,310,1322,970,35, ,1
269,0009_2004062100,4,331,1339,970,35, ,1
270,0009_2004062106,3,357,1354,980,28, ,1
271,0009_2004062112,2,386,1374,986,23, ,1
272,0009_2004062118,9,413,1391,986,23, ,1
273,0010_2004062118,1,146,1460,1004,12, ,0
274,0010_2004062200,1,145,1455,1004,12, ,0
275,0010_2004062206,1,145,1450,1002,15, ,0
276,0010_2004062212,1,153,1445,1002,15, ,0
277,0010_2004062218,1,160,1438,1002,15, ,0
278,0010_2004062300,1,163,1430,1000,15, ,0
279,0010_2004062306,2,166,1426,998,18, ,0
280,0010_2004062312,2,167,1422,995,20, ,0
281,0010_2004062318,2,168,1411,990,23, ,0
282,0010_2004062400,2,166,1402,990,23, ,0
283,0010_2004062406,3,164,1388,988,25, ,0
284,0010_2004062412,3,157,1370,980,28, ,0
285,0010_2004062418,3,153,1360,980,28, ,0
286,0010_2004062500,3,150,1346,980,30, ,0
287,0010_2004062506,3,148,1337,980,30, ,0
288,0010_2004062512,3,150,1326,980,30, ,0
289,0010_2004062518,3,150,1318,980,30, ,0
290,0010_2004062600,3,149,1312,980,30, ,0
291,0010_2004062606,3,149,1305,980,30, ,0
292,0010_2004062612,3,152,1298,980,30, ,0
293,0010_2004062618,3,156,1296,980,30, ,0
294,0010_2004062700,3,162,1290,980,30, ,0
295,0010_2004062706,4,169,1278,975,33, ,0
296,0010_2004062712,4,175,1271,970,35, ,0
297,0010_2004062718,4,177,1265,965,40, ,0
298,0010_2004062800,4,181,1260,960,40, ,0
299,0010_2004062806,5,184,1256,950,45, ,0
300,0010_2004062812,5,186,1250,950,45, ,0
301,0010_2004062818,5,188,1245,950,45, ,0
302,0010_2004062900,5,188,1241,950,45, ,0
303,0010_2004062906,5,189,1236,950,45, ,0
304,0010_2004062912,5,189,1230,950,45, ,0
305,0010_2004062918,4,190,1226,960,40, ,0
306,0010_2004063000,4,191,1223,960,40, ,0
307,0010_2004063006,4,192,1220,960,40, ,0
308,0010_2004063012,4,196,1219,970,35, ,0
309,0010_2004063018,4,207,1218,975,33, ,0
310,0010_2004070100,3,216,1218,980,30, ,0
311,0010_2004070106,3,223,1216,980,30, ,0
312,0010_2004070112,3,233,1217,980,30, ,0
313,0010_2004070118,3,240,1215,985,28, ,0
314,0010_2004070200,3,248,1214,985,28, ,0
315,0010_2004070206,3,254,1213,985,28, ,0
316,0010_2004070212,3,261,1211,987,25, ,0
317,0010_2004070218,3,268,1211,987,25, ,0
318,0010_2004070300,3,277,1211,987,25, ,0
319,0010_2004070306,2,292,1216,987,23, ,0
320,0010_2004070312,2,306,1226,987,23, ,0
321,0010_2004070318,2,316,1233,985,20, ,0
322,0010_2004070400,9,327,1245,985,20, ,0
323,0010_2004070406,9,345,1254,985,20, ,0
324,0010_2004070412,9,366,1267,985,18, ,0
325,0010_2004070418,9,386,1276,985,18, ,0
326,0010_2004070500,9,400,1294,992,15, ,0
327,0011_2004062500,1,113,1533,1002,12, ,1
328,0011_2004062506,1,116,1526,1002,12, ,1
329,0011_2004062512,1,116,1521,1002,12, ,1
330,0011_2004062518,1,117,1518,1000,15, ,1
331,0011_2004062600,2,117,1512,996,18, ,1
332,0011_2004062606,2,118,1508,992,20, ,1
333,0011_2004062612,2,122,1504,992,20, ,1
334,0011_2004062618,2,129,1500,992,23, ,1
335,0011_2004062700,3,136,1491,990,25, ,1
336,0011_2004062706,3,140,1484,985,28, ,1
337,0011_2004062712,3,145,1476,985,28, ,1
338,0011_2004062718,3,153,1470,980,30, ,1
339,0011_2004062800,3,162,1463,980,30, ,1
340,0011_2004062806,3,168,1457,980,30, ,1
341,0011_2004062812,4,173,1450,975,33, ,1
342,0011_2004062818,4,181,1443,975,33, ,1
343,0011_2004062900,4,189,1436,975,33, ,1
344,0011_2004062906,4,198,1432,970,35, ,1
345,0011_2004062912,4,210,1429,970,35, ,1
346,0011_2004062918,4,223,1425,970,35, ,1
347,0011_2004063000,4,237,1424,970,35, ,1
348,0011_2004063006,4,249,1423,965,40, ,1
349,0011_2004063012,4,268,1424,960,40, ,1
350,0011_2004063018,4,276,1427,960,40, ,1
351,0011_2004070100,4,284,1433,970,35, ,1
352,0011_2004070106,4,291,1439,975,33, ,1
353,0011_2004070112,4,298,1445,975,33, ,1
354,0011_2004070118,4,304,1453,975,33, ,1
355,0011_2004070200,4,310,1458,975,33, ,1
356,0011_2004070206,3,317,1464,980,30, ,1
357,0011_2004070212,3,322,1474,980,30, ,1
358,0011_2004070218,3,328,1487,985,28, ,1
359,0011_2004070300,3,335,1503,985,28, ,1
360,0011_2004070306,3,342,1517,990,25, ,1
361,0011_2004070312,2,349,1535,990,23, ,1
362,0011_2004070318,2,357,1556,990,23, ,1
363,0011_2004070400,2,372,1575,990,20, ,1
364,0011_2004070406,9,401,1598,992,18, ,1
365,0012_2004071106,0,191,1363,1006,10, ,0
366,0012_2004071112,0,190,1355,1006,10, ,0
367,0012_2004071118,1,196,1344,1004,12, ,0
368,0012_2004071200,1,200,1335,1004,12, ,0
369,0012_2004071206,1,202,1324,1004,12, ,0
370,0012_2004071212,1,205,1311,1004,12, ,0
371,0012_2004071218,1,207,1304,1002,12, ,0
372,0012_2004071300,1,209,1300,1002,12, ,0
373,0012_2004071306,1,210,1295,1000,15, ,0
374,0012_2004071312,1,207,1278,1000,15, ,0
375,0012_2004071318,1,205,1254,1000,15, ,0
376,0012_2004071400,2,209,1243,998,18, ,0
377,0012_2004071406,2,210,1228,995,20, ,0
378,0012_2004071412,2,204,1215,990,23, ,0
379,0012_2004071418,2,201,1202,990,23, ,0
380,0012_2004071500,2,200,1189,990,23, ,0
381,0012_2004071506,2,202,1182,990,23, ,0
382,0012_2004071512,2,208,1171,990,23, ,0
383,0012_2004071518,2,212,1160,990,23, ,0
384,0012_2004071600,2,215,1151,990,23, ,0
385,0012_2004071606,2,220,1145,990,23, ,0
386,0012_2004071612,1,237,1142,1002,15, ,0
387,0013_2004072412,1,207,1510,1005,12, ,0
388,0013_2004072418,1,215,1505,1002,15, ,0
389,0013_2004072500,1,222,1500,1000,15, ,0
390,0013_2004072506,1,231,1496,1000,15, ,0
391,0013_2004072512,2,236,1493,995,20, ,0
392,0013_2004072518,3,244,1488,985,25, ,0
393,0013_2004072600,3,247,1484,980,30, ,0
394,0013_2004072606,4,254,1478,965,40, ,0
395,0013_2004072612,5,260,1471,955,45, ,0
396,0013_2004072618,5,271,1466,950,45, ,0
397,0013_2004072700,5,277,1460,950,45, ,0
398,0013_2004072706,5,287,1453,950,45, ,0
399,0013_2004072712,5,297,1445,950,45, ,0
400,0013_2004072718,4,305,1437,960,40, ,0
401,0013_2004072800,4,308,1427,960,40, ,0
402,0013_2004072806,4,312,1416,960,40, ,0
403,0013_2004072812,4,314,1408,960,40, ,0
404,0013_2004072818,4,315,1403,960,40, ,0
405,0013_2004072900,4,315,1398,960,40, ,0
406,0013_2004072906,4,315,1393,960,40, ,0
407,0013_2004072912,4,315,1388,960,40, ,0
408,0013_2004072918,4,314,1385,960,40, ,0
409,0013_2004073000,4,315,1381,960,40, ,0
410,0013_2004073006,4,318,1372,970,35, ,0
411,0013_2004073012,4,319,1361,970,35, ,0
412,0013_2004073018,3,321,1352,975,30, ,0
413,0013_2004073100,3,324,1346,975,30, ,0
414,0013_2004073106,3,330,1334,980,28, ,0
415,0013_2004073112,3,339,1323,992,25, ,0
416,0013_2004073118,2,344,1310,996,20, ,0
417,0013_2004080100,2,348,1310,995,18, ,0
418,0013_2004080106,2,354,1311,995,18, ,0
419,0013_2004080112,1,367,1314,1000,15, ,0
420,0013_2004080118,1,377,1316,1000,15, ,0
421,0013_2004080200,1,386,1322,1000,15, ,0
422,0013_2004080206,1,396,1329,1000,15, ,0
423,0013_2004080212,1,406,1340,1000,15, ,0
424,0013_2004080218,1,413,1350,1002,12, ,0
425,0013_2004080300,1,422,1362,1002,12, ,0
426,0013_2004080306,1,434,1380,1002,12, ,0
427,0013_2004080312,0,444,1402,1004,10, ,0
428,0014_2004072606,1,192,1182,1000,15, ,0
429,0014_2004072612,1,194,1179,1000,15, ,0
430,0014_2004072618,1,217,1177,1000,15, ,0
431,0014_2004072700,2,227,1166,990,23, ,0
432,0014_2004072706,1,233,1157,1000,12, ,0
433,0015_2004080200,1,225,1487,1002,12, ,0
434,0015_2004080206,1,229,1478,1002,12, ,0
435,0015_2004080212,1,232,1472,1002,12, ,0
436,0015_2004080218,1,237,1457,1002,12, ,0
437,0015_2004080300,1,247,1444,1002,12, ,0
438,0015_2004080306,1,255,1428,1000,15, ,0
439,0015_2004080312,1,265,1413,1000,15, ,0
440,0015_2004080318,1,281,1393,1000,15, ,0
441,0015_2004080400,2,298,1376,998,18, ,0
442,0015_2004080406,2,320,1360,995,20, ,0
443,0015_2004080412,2,334,1348,995,20, ,0
444,0015_2004080418,2,357,1345,998,18, ,0
445,0015_2004080500,1,373,1349,1004,15, ,0
446,0015_2004080506,1,383,1355,1006,12, ,0
447,0015_2004080512,0,392,1371,1008,10, ,0
448,0016_2004080300,1,165,1661,1004,12, ,0
449,0016_2004080306,1,177,1663,1004,12, ,0
450,0016_2004080312,1,186,1662,1004,12, ,0
451,0016_2004080318,1,196,1660,1002,15, ,0
452,0016_2004080400,1,209,1656,1002,15, ,0
453,0016_2004080406,1,226,1653,1000,15, ,0
454,0016_2004080412,2,237,1653,998,18, ,0
455,0016_2004080418,2,244,1655,998,18, ,0
456,0016_2004080500,2,253,1658,990,23, ,0
457,0016_2004080506,3,262,1661,985,28, ,0
458,0016_2004080512,3,272,1668,980,30, ,0
459,0016_2004080518,4,280,1674,970,35, ,0
460,0016_2004080600,4,287,1679,960,40, ,0
461,0016_2004080606,4,294,1687,970,35, ,0
462,0016_2004080612,4,303,1698,970,35, ,0
463,0016_2004080618,3,312,1704,980,30, ,0
464,0016_2004080700,3,318,1706,980,30, ,0
465,0016_2004080706,3,325,1714,985,28, ,0
466,0016_2004080712,3,338,1717,985,28, ,0
467,0016_2004080718,3,348,1716,990,25, ,0
468,0016_2004080800,2,357,1718,990,23, ,0
469,0016_2004080806,2,371,1720,990,23, ,0
470,0016_2004080812,2,376,1720,990,23, ,0
471,0016_2004080818,2,380,1720,995,20, ,0
472,0016_2004080900,2,393,1722,995,18, ,0
473,0016_2004080906,9,396,1724,1000,15, ,0
474,0016_2004080912,9,398,1727,1002,15, ,0
475,0016_2004080918,9,401,1725,1002,15, ,0
476,0016_2004081000,9,403,1720,1004,15, ,0
477,0016_2004081006,9,405,1714,1004,15, ,0
478,0016_2004081012,9,405,1707,1004,15, ,0
479,0016_2004081018,9,403,1699,1004,15, ,0
480,0016_2004081100,9,401,1697,1000,15, ,0
481,0016_2004081106,9,401,1700,1000,15, ,0
482,0016_2004081112,9,402,1711,1000,15, ,0
483,0016_2004081118,9,405,1722,1000,15, ,0
484,0016_2004081200,9,410,1740,1000,15, ,0
485,0016_2004081206,9,422,1756,1000,15, ,0
486,0017_2004080600,1,153,1368,1002,12, ,0
487,0017_2004080606,1,153,1347,1000,12, ,0
488,0017_2004080612,1,154,1330,1000,15, ,0
489,0017_2004080618,1,157,1315,998,15, ,0
490,0017_2004080700,1,158,1310,998,15, ,0
491,0017_2004080706,1,159,1306,998,15, ,0
492,0017_2004080712,1,160,1302,998,15, ,0
493,0017_2004080718,1,162,1300,998,15, ,0
494,0017_2004080800,1,170,1300,998,15, ,0
495,0017_2004080806,1,177,1300,998,15, ,0
496,0017_2004080812,2,182,1303,992,20, ,0
497,0017_2004080818,2,190,1305,992,20, ,0
498,0017_2004080900,2,195,1303,990,23, ,0
499,0017_2004080906,2,200,1301,990,23, ,0
500,0017_2004080912,3,205,1297,990,25, ,0
501,0017_2004080918,3,209,1288,990,25, ,0
502,0017_2004081000,3,213,1282,985,28, ,0
503,0017_2004081006,3,221,1280,980,30, ,0
504,0017_2004081012,3,225,1275,980,30, ,0
505,0017_2004081018,4,228,1268,975,33, ,0
506,0017_2004081100,4,232,1263,970,35, ,0
507,0017_2004081106,4,238,1255,970,35, ,0
508,0017_2004081112,4,244,1251,960,40, ,0
509,0017_2004081118,5,253,1244,950,45, ,0
510,0017_2004081200,5,264,1238,950,45, ,0
511,0017_2004081206,5,274,1226,950,45, ,0
512,0017_2004081212,5,283,1213,950,45, ,0
513,0017_2004081218,3,283,1200,980,30, ,0
514,0017_2004081300,2,286,1188,988,23, ,0
515,0017_2004081306,2,288,1175,992,18, ,0
516,0017_2004081312,1,288,1167,994,15, ,0
517,0017_2004081318,1,289,1163,995,15, ,0
518,0017_2004081400,1,296,1158,995,15, ,0
519,0017_2004081406,1,297,1145,996,15, ,0
520,0017_2004081412,0,294,1137,999,10, ,0
521,0017_2004081418,0,284,1125,1000,10, ,0
522,0018_2004080900,0,235,1504,1004,10, ,0
523,0018_2004080906,0,232,1516,1004,10, ,0
524,0018_2004080912,0,230,1523,1004,10, ,0
525,0018_2004080918,1,230,1531,1000,12, ,0
526,0018_2004081000,1,234,1538,1000,12, ,0
527,0018_2004081006,1,237,1547,1000,12, ,0
528,0018_2004081012,1,242,1556,1000,12, ,0
529,0018_2004081018,1,251,1567,1000,15, ,0
530,0018_2004081100,2,268,1585,998,18, ,0
531,0018_2004081106,2,278,1598,998,18, ,0
532,0018_2004081112,2,294,1610,998,18, ,0
533,0018_2004081118,2,306,1622,995,20, ,0
534,0018_2004081200,2,317,1633,995,20, ,0
535,0018_2004081206,2,323,1647,995,20, ,0
536,0018_2004081212,2,328,1666,995,20, ,0
537,0018_2004081218,2,333,1686,995,20, ,0
538,0018_2004081300,2,337,1708,995,20, ,0
539,0018_2004081306,2,348,1732,995,20, ,0
540,0018_2004081312,2,355,1760,995,18, ,0
541,0018_2004081318,1,365,1785,995,15, ,0
542,0018_2004081400,1,389,1789,1000,12, ,0
543,0019_2004081400,1,147,1409,1002,12, ,1
544,0019_2004081406,1,148,1387,1000,12, ,1
545,0019_2004081412,1,153,1373,1000,15, ,1
546,0019_2004081418,1,160,1360,1000,15, ,1
547,0019_2004081500,1,168,1353,1000,15, ,1
548,0019_2004081506,1,177,1342,998,15, ,1
549,0019_2004081512,1,181,1333,998,15, ,1
550,0019_2004081518,1,183,1325,998,15, ,1
551,0019_2004081600,1,184,1316,998,15, ,1
552,0019_2004081606,2,188,1308,992,20, ,1
553,0019_2004081612,2,198,1296,992,23, ,1
554,0019_2004081618,2,212,1288,990,23, ,1
555,0019_2004081700,2,230,1278,990,23, ,1
556,0019_2004081706,2,249,1269,990,23, ,1
557,0019_2004081712,3,264,1262,980,28, ,1
558,0019_2004081718,3,276,1255,980,30, ,1
559,0019_2004081800,4,285,1253,975,33, ,1
560,0019_2004081806,4,300,1254,970,33, ,1
561,0019_2004081812,4,312,1262,970,33, ,1
562,0019_2004081818,4,331,1277,975,33, ,1
563,0019_2004081900,4,356,1294,975,33, ,1
564,0019_2004081906,4,377,1322,975,33, ,1
565,0019_2004081912,3,395,1354,980,30, ,1
566,0019_2004081918,3,406,1386,985,25, ,1
567,0019_2004082000,3,412,1417,985,25, ,1
568,0019_2004082006,3,416,1458,985,25, ,1
569,0019_2004082012,9,420,1520,980,20, ,1
570,0019_2004082018,9,425,1538,985,18, ,1
571,0021_2004081806,1,112,1650,1004,12, ,1
572,0021_2004081812,1,114,1638,1004,12, ,1
573,0021_2004081818,1,118,1630,1002,12, ,1
574,0021_2004081900,1,123,1620,1002,12, ,1
575,0021_2004081906,1,128,1613,1000,15, ,1
576,0021_2004081912,2,132,1604,996,18, ,1
577,0021_2004081918,2,136,1591,990,23, ,1
578,0021_2004082000,2,139,1578,990,23, ,1
579,0021_2004082006,2,141,1569,990,23, ,1
580,0021_2004082012,3,144,1554,990,25, ,1
581,0021_2004082018,3,145,1542,990,25, ,1
582,0021_2004082100,3,145,1530,990,25, ,1
583,0021_2004082106,3,144,1518,985,28, ,1
584,0021_2004082112,4,142,1502,975,33, ,1
585,0021_2004082118,4,142,1486,970,35, ,1
586,0021_2004082200,4,141,1474,960,40, ,1
587,0021_2004082206,4,143,1463,960,40, ,1
588,0021_2004082212,5,144,1456,945,50, ,1
589,0021_2004082218,6,148,1448,930,55, ,1
590,0021_2004082300,6,152,1436,920,60, ,1
591,0021_2004082306,6,156,1429,920,60, ,1
592,0021_2004082312,6,163,1421,920,60, ,1
593,0021_2004082318,6,170,1411,920,60, ,1
594,0021_2004082400,6,174,1402,920,60, ,1
595,0021_2004082406,6,180,1396,920,60, ,1
596,0021_2004082412,6,185,1391,920,60, ,1
597,0021_2004082418,6,194,1387,920,60, ,1
598,0021_2004082500,6,204,1382,920,60, ,1
599,0021_2004082506,6,212,1376,920,60, ,1
600,0021_2004082512,6,219,1372,920,60, ,1
601,0021_2004082518,6,225,1368,920,60, ,1
602,0021_2004082600,6,235,1363,920,60, ,1
603,0021_2004082606,6,242,1357,930,55, ,1
604,0021_2004082612,5,247,1354,940,50, ,1
605,0021_2004082618,5,255,1351,940,50, ,1
606,0021_2004082700,5,261,1349,940,50, ,1
607,0021_2004082706,5,266,1345,940,50, ,1
608,0021_2004082712,5,268,1343,940,50, ,1
609,0021_2004082718,5,270,1342,950,45, ,1
610,0021_2004082800,5,272,1339,950,45, ,1
611,0021_2004082806,5,273,1336,950,45, ,1
612,0021_2004082812,5,276,1329,950,45, ,1
613,0021_2004082818,5,278,1321,950,45, ,1
614,0021_2004082900,5,282,1313,950,45, ,1
615,0021_2004082906,5,288,1304,950,45, ,1
616,0021_2004082912,4,294,1300,960,40, ,1
617,0021_2004082918,4,302,1298,960,40, ,1
618,0021_2004083000,4,315,1302,960,40, ,1
619,0021_2004083006,4,335,1311,970,35, ,1
620,0021_2004083012,4,351,1331,975,33, ,1
621,0021_2004083018,3,371,1360,975,30, ,1
622,0021_2004083100,3,402,1393,975,30, ,1
623,0021_2004083106,9,437,1431,975,28, ,1
624,0021_2004083112,9,460,1450,975,23, ,1
625,0020_2004081800,1,97,1420,1004,15, ,0
626,0020_2004081806,1,101,1408,1004,15, ,0
627,0020_2004081812,1,104,1398,1002,15, ,0
628,0020_2004081818,1,107,1393,1002,15, ,0
629,0020_2004081900,1,111,1389,1000,15, ,0
630,0020_2004081906,1,116,1383,1000,15, ,0
631,0020_2004081912,1,123,1374,1000,15, ,0
632,0020_2004081918,1,131,1366,1000,15, ,0
633,0020_2004082000,2,136,1359,996,18, ,0
634,0020_2004082006,2,149,1355,990,20, ,0
635,0020_2004082012,2,156,1353,990,23, ,0
636,0020_2004082018,2,168,1347,990,23, ,0
637,0020_2004082100,3,175,1340,985,25, ,0
638,0020_2004082106,3,182,1329,980,28, ,0
639,0020_2004082112,3,190,1319,980,30, ,0
640,0020_2004082118,3,196,1307,980,30, ,0
641,0020_2004082200,3,202,1298,980,30, ,0
642,0020_2004082206,3,209,1289,980,30, ,0
643,0020_2004082212,4,215,1279,975,33, ,0
644,0020_2004082218,4,222,1271,975,33, ,0
645,0020_2004082300,4,229,1262,975,33, ,0
646,0020_2004082306,4,234,1255,970,35, ,0
647,0020_2004082312,4,238,1250,970,35, ,0
648,0020_2004082318,4,245,1243,960,40, ,0
649,0020_2004082400,4,249,1239,960,40, ,0
650,0020_2004082406,4,252,1235,960,40, ,0
651,0020_2004082412,4,254,1229,965,40, ,0
652,0020_2004082418,4,255,1221,965,40, ,0
653,0020_2004082500,4,255,1214,965,40, ,0
654,0020_2004082506,4,255,1204,968,40, ,0
655,0020_2004082512,4,249,1191,970,40, ,0
656,0020_2004082518,3,243,1179,980,30, ,0
657,0020_2004082600,2,237,1176,985,23, ,0
658,0020_2004082606,2,236,1166,995,18, ,0
659,0020_2004082612,1,235,1156,995,15, ,0
660,0020_2004082618,1,232,1145,995,12, ,0
661,0020_2004082700,1,228,1138,995,12, ,0
662,0020_2004082706,1,227,1133,995,12, ,0
663,0020_2004082712,1,226,1129,995,12, ,0
664,0022_2004082518,1,131,1522,1004,15, ,0
665,0022_2004082600,1,133,1515,1004,15, ,0
666,0022_2004082606,1,134,1510,1004,15, ,0
667,0022_2004082612,1,136,1507,1004,15, ,0
668,0022_2004082618,1,138,1502,1002,15, ,0
669,0022_2004082700,1,141,1498,1000,15, ,0
670,0022_2004082706,1,144,1494,1004,15, ,0
671,0022_2004082712,1,148,1490,1004,15, ,0
672,0022_2004082718,1,153,1478,1004,15, ,0
673,0022_2004082800,1,160,1464,1006,12, ,0
674,0022_2004082806,1,161,1456,1006,12, ,0
675,0023_2004082606,1,105,1710,1006,12, ,1
676,0023_2004082612,1,105,1700,1004,12, ,1
677,0023_2004082618,1,106,1693,1004,12, ,1
678,0023_2004082700,1,107,1687,1000,15, ,1
679,0023_2004082706,1,108,1678,1000,15, ,1
680,0023_2004082712,1,109,1670,1000,15, ,1
681,0023_2004082718,1,111,1660,1000,15, ,1
682,0023_2004082800,2,114,1650,998,18, ,1
683,0023_2004082806,2,119,1642,995,20, ,1
684,0023_2004082812,3,124,1630,990,25, ,1
685,0023_2004082818,3,128,1616,990,25, ,1
686,0023_2004082900,3,132,1603,990,25, ,1
687,0023_2004082906,3,137,1588,985,28, ,1
688,0023_2004082912,3,142,1572,985,28, ,1
689,0023_2004082918,3,146,1558,985,28, ,1
690,0023_2004083000,3,149,1544,980,30, ,1
691,0023_2004083006,3,154,1528,980,30, ,1
692,0023_2004083012,4,156,1515,970,33, ,1
693,0023_2004083018,4,160,1505,960,40, ,1
694,0023_2004083100,5,163,1495,950,45, ,1
695,0023_2004083106,5,167,1485,940,50, ,1
696,0023_2004083112,5,173,1476,940,50, ,1
697,0023_2004083118,5,178,1467,940,50, ,1
698,0023_2004090100,5,184,1463,940,50, ,1
699,0023_2004090106,5,195,1453,940,50, ,1
700,0023_2004090112,5,202,1437,940,50, ,1
701,0023_2004090118,5,207,1423,940,50, ,1
702,0023_2004090200,5,211,1411,940,50, ,1
703,0023_2004090206,5,217,1398,940,50, ,1
704,0023_2004090212,5,218,1385,950,45, ,1
705,0023_2004090218,5,218,1374,950,45, ,1
706,0023_2004090300,5,220,1363,950,45, ,1
707,0023_2004090306,5,223,1352,950,45, ,1
708,0023_2004090312,5,224,1340,950,45, ,1
709,0023_2004090318,5,227,1332,950,45, ,1
710,0023_2004090400,5,232,1321,945,50, ,1
711,0023_2004090406,5,240,1312,945,50, ,1
712,0023_2004090412,5,244,1304,940,50, ,1
713,0023_2004090418,5,250,1297,940,50, ,1
714,0023_2004090500,5,257,1289,950,45, ,1
715,0023_2004090506,5,263,1282,950,45, ,1
716,0023_2004090512,5,269,1279,950,45, ,1
717,0023_2004090518,4,277,1273,960,40, ,1
718,0023_2004090600,4,284,1271,960,40, ,1
719,0023_2004090606,4,293,1269,960,40, ,1
720,0023_2004090612,4,300,1272,960,40, ,1
721,0023_2004090618,4,311,1280,960,40, ,1
722,0023_2004090700,4,327,1294,960,40, ,1
723,0023_2004090706,4,352,1320,970,35, ,1
724,0023_2004090712,4,387,1359,970,33, ,1
725,0023_2004090718,3,417,1390,970,28, ,1
726,0023_2004090800,9,438,1401,970,23, ,1
727,0023_2004090806,9,460,1425,970,20, ,1
728,0023_2004090812,9,487,1461,970,20, ,1
729,0024_2004090318,1,140,1556,1008,15, ,0
730,0024_2004090400,1,150,1539,1008,15, ,0
731,0024_2004090406,1,158,1528,1004,15, ,0
732,0024_2004090412,1,164,1516,1004,15, ,0
733,0024_2004090418,2,168,1502,995,18, ,0
734,0024_2004090500,2,174,1487,990,23, ,0
735,0024_2004090506,3,181,1473,990,25, ,0
736,0024_2004090512,3,185,1458,985,28, ,0
737,0024_2004090518,3,189,1442,985,28, ,0
738,0024_2004090600,3,193,1428,990,25, ,0
739,0024_2004090606,3,196,1412,990,25, ,0
740,0024_2004090612,3,200,1400,990,25, ,0
741,0024_2004090618,3,204,1390,990,25, ,0
742,0024_2004090700,2,218,1387,990,23, ,0
743,0024_2004090706,2,228,1381,995,20, ,0
744,0024_2004090712,1,237,1380,1000,15, ,0
745,0024_2004090718,1,247,1378,1000,15, ,0
746,0024_2004090800,1,259,1375,1002,12, ,0
747,0024_2004090806,1,271,1373,1005,12, ,0
748,0024_2004090812,1,282,1371,1008,12, ,0
749,0025_2004091018,1,230,1196,1002,12, ,1
750,0025_2004091100,1,227,1203,1000,15, ,1
751,0025_2004091106,1,226,1214,1000,15, ,1
752,0025_2004091112,1,233,1219,998,15, ,1
753,0025_2004091118,2,244,1221,996,18, ,1
754,0025_2004091200,2,249,1222,996,18, ,1
755,0025_2004091206,2,254,1222,996,18, ,1
756,0025_2004091212,2,261,1221,996,18, ,1
757,0025_2004091218,2,267,1219,996,18, ,1
758,0025_2004091300,2,275,1215,996,18, ,1
759,0025_2004091306,2,280,1206,998,18, ,1
760,0025_2004091312,1,287,1200,1008,12, ,1
761,0025_2004091318,1,300,1196,1008,12, ,1
762,0025_2004091400,9,320,1192,1004,15, ,1
763,0025_2004091406,9,332,1191,1004,15, ,1
764,0025_2004091412,9,357,1191,1004,15, ,1
765,0025_2004091418,9,387,1182,1000,15, ,1
766,0025_2004091500,9,404,1179,1000,15, ,1
767,0025_2004091506,9,421,1174,1002,15, ,1
768,0025_2004091512,9,448,1168,1002,15, ,1
769,0025_2004091518,9,469,1165,1001,15, ,1
770,0025_2004091600,9,494,1166,997,15, ,1
771,0025_2004091606,9,509,1166,993,15, ,1
772,0026_2004091900,0,125,1495,1006,10, ,0
773,0026_2004091906,0,122,1485,1006,10, ,0
774,0026_2004091912,1,123,1478,1004,12, ,0
775,0026_2004091918,1,125,1466,1004,12, ,0
776,0026_2004092000,1,126,1453,1002,15, ,0
777,0026_2004092006,1,126,1442,1002,15, ,0
778,0026_2004092012,1,128,1434,1000,15, ,0
779,0026_2004092018,2,130,1426,998,18, ,0
780,0026_2004092100,2,131,1420,998,18, ,0
781,0026_2004092106,2,135,1414,995,20, ,0
782,0026_2004092112,2,141,1408,990,23, ,0
783,0026_2004092118,2,146,1402,990,23, ,0
784,0026_2004092200,3,150,1396,985,25, ,0
785,0026_2004092206,3,155,1391,985,28, ,0
786,0026_2004092212,3,161,1386,980,30, ,0
787,0026_2004092218,4,166,1382,975,33, ,0
788,0026_2004092300,4,173,1375,975,33, ,0
789,0026_2004092306,4,178,1367,965,40, ,0
790,0026_2004092312,4,183,1359,965,40, ,0
791,0026_2004092318,4,187,1351,965,40, ,0
792,0026_2004092400,4,194,1343,960,40, ,0
793,0026_2004092406,5,200,1334,950,45, ,0
794,0026_2004092412,5,205,1326,950,45, ,0
795,0026_2004092418,5,213,1319,950,45, ,0
796,0026_2004092500,5,222,1312,950,45, ,0
797,0026_2004092506,5,236,1302,950,45, ,0
798,0026_2004092512,4,245,1292,960,40, ,0
799,0026_2004092518,4,252,1279,960,40, ,0
800,0026_2004092600,4,256,1265,960,40, ,0
801,0026_2004092606,5,257,1256,950,45, ,0
802,0026_2004092612,5,259,1251,950,45, ,0
803,0026_2004092618,5,259,1249,950,45, ,0
804,0026_2004092700,5,261,1249,950,45, ,0
805,0026_2004092706,5,264,1251,950,45, ,0
806,0026_2004092712,4,268,1256,960,40, ,0
807,0026_2004092718,4,273,1260,960,40, ,0
808,0026_2004092800,4,280,1267,970,35, ,0
809,0026_2004092806,4,289,1271,970,33, ,0
810,0026_2004092812,4,300,1279,970,33, ,0
811,0026_2004092818,4,309,1290,970,33, ,0
812,0026_2004092900,3,317,1305,980,30, ,0
813,0026_2004092906,3,329,1328,985,28, ,0
814,0026_2004092912,3,347,1356,985,25, ,0
815,0026_2004092918,2,370,1378,994,23, ,0
816,0026_2004093000,2,387,1411,996,23, ,0
817,0026_2004093006,2,390,1434,1000,20, ,0
818,0026_2004093012,2,384,1450,1002,20, ,0
819,0026_2004093018,1,375,1464,1004,15, ,0
820,0026_2004100100,1,367,1480,1004,15, ,0
821,0026_2004100106,1,361,1500,1004,15, ,0
822,0026_2004100112,1,361,1511,1006,12, ,0
823,0026_2004100118,1,362,1519,1006,12, ,0
824,0027_2004100306,1,165,1353,1002,15, ,0
825,0027_2004100312,1,165,1348,1002,15, ,0
826,0027_2004100318,1,165,1346,1000,15, ,0
827,0027_2004100400,1,165,1345,1000,15, ,0
828,0027_2004100406,2,166,1344,995,20, ,0
829,0027_2004100412,2,168,1344,994,20, ,0
830,0027_2004100418,2,171,1345,994,20, ,0
831,0027_2004100500,2,179,1345,994,20, ,0
832,0027_2004100506,2,188,1346,990,23, ,0
833,0027_2004100512,2,196,1347,990,23, ,0
834,0027_2004100518,2,202,1342,990,23, ,0
835,0027_2004100600,3,205,1335,985,25, ,0
836,0027_2004100606,3,207,1326,985,28, ,0
837,0027_2004100612,3,210,1322,980,30, ,0
838,0027_2004100618,4,214,1316,970,35, ,0
839,0027_2004100700,4,218,1310,970,35, ,0
840,0027_2004100706,5,222,1307,955,45, ,0
841,0027_2004100712,5,227,1306,950,45, ,0
842,0027_2004100718,5,233,1309,945,50, ,0
843,0027_2004100800,5,239,1314,940,50, ,0
844,0027_2004100806,5,251,1322,940,50, ,0
845,0027_2004100812,5,270,1331,945,50, ,0
846,0027_2004100818,5,289,1345,950,45, ,0
847,0027_2004100900,5,316,1361,950,45, ,0
848,0027_2004100906,4,343,1383,960,40, ,0
849,0027_2004100912,3,368,1415,985,28, ,0
850,0027_2004100918,3,381,1451,992,25, ,0
851,0027_2004101000,9,396,1501,996,20, ,0
852,0028_2004101200,1,120,1510,1004,15, ,1
853,0028_2004101206,1,131,1496,1002,15, ,1
854,0028_2004101212,1,137,1475,1000,15, ,1
855,0028_2004101218,2,140,1455,998,18, ,1
856,0028_2004101300,2,142,1439,995,20, ,1
857,0028_2004101306,2,144,1420,990,23, ,1
858,0028_2004101312,3,144,1403,985,25, ,1
859,0028_2004101318,3,142,1390,980,28, ,1
860,0028_2004101400,3,138,1383,980,28, ,1
861,0028_2004101406,3,137,1376,980,30, ,1
862,0028_2004101412,4,137,1366,975,33, ,1
863,0028_2004101418,4,140,1361,970,35, ,1
864,0028_2004101500,4,145,1357,970,35, ,1
865,0028_2004101506,4,152,1347,970,35, ,1
866,0028_2004101512,4,155,1344,960,40, ,1
867,0028_2004101518,4,159,1340,960,40, ,1
868,0028_2004101600,4,165,1339,960,40, ,1
869,0028_2004101606,5,176,1339,950,45, ,1
870,0028_2004101612,5,183,1329,950,45, ,1
871,0028_2004101618,5,186,1325,950,45, ,1
872,0028_2004101700,5,192,1320,940,50, ,1
873,0028_2004101706,5,198,1308,940,50, ,1
874,0028_2004101712,5,201,1301,940,50, ,1
875,0028_2004101718,5,209,1290,940,50, ,1
876,0028_2004101800,5,218,1282,950,45, ,1
877,0028_2004101806,5,222,1275,950,45, ,1
878,0028_2004101812,5,230,1269,950,45, ,1
879,0028_2004101818,5,238,1270,950,45, ,1
880,0028_2004101900,4,247,1272,960,40, ,1
881,0028_2004101906,4,259,1279,960,40, ,1
882,0028_2004101912,4,273,1288,960,40, ,1
883,0028_2004101918,4,290,1304,960,40, ,1
884,0028_2004102000,4,311,1321,960,40, ,1
885,0028_2004102006,4,333,1336,970,35, ,1
886,0028_2004102012,3,354,1366,980,30, ,1
887,0028_2004102018,9,359,1398,985,25, ,1
888,0028_2004102100,9,376,1433,992,20, ,1
889,0028_2004102106,9,398,1480,992,15, ,1
890,0028_2004102112,9,421,1532,992,15, ,1
891,0028_2004102118,9,441,1573,992,15, ,1
892,0029_2004101400,1,105,1642,1006,12, ,0
893,0029_2004101406,1,113,1634,1004,12, ,0
894,0029_2004101412,1,116,1623,1002,12, ,0
895,0029_2004101418,1,117,1614,1002,15, ,0
896,0029_2004101500,1,117,1606,1002,15, ,0
897,0029_2004101506,1,117,1600,1002,15, ,0
898,0029_2004101512,1,117,1594,1000,15, ,0
899,0029_2004101518,1,117,1585,1000,15, ,0
900,0029_2004101600,1,115,1575,1000,15, ,0
901,0029_2004101606,1,113,1564,1000,15, ,0
902,0029_2004101612,2,109,1552,996,18, ,0
903,0029_2004101618,2,106,1546,990,23, ,0
904,0029_2004101700,2,105,1542,990,23, ,0
905,0029_2004101706,2,106,1538,990,23, ,0
906,0029_2004101712,2,106,1533,990,23, ,0
907,0029_2004101718,2,106,1528,990,23, ,0
908,0029_2004101800,3,104,1524,985,25, ,0
909,0029_2004101806,4,102,1518,975,33, ,0
910,0029_2004101812,4,102,1510,970,35, ,0
911,0029_2004101818,4,101,1499,970,35, ,0
912,0029_2004101900,4,98,1489,970,35, ,0
913,0029_2004101906,4,95,1481,970,35, ,0
914,0029_2004101912,4,98,1472,970,35, ,0
915,0029_2004101918,4,102,1460,970,35, ,0
916,0029_2004102000,4,107,1451,960,40, ,0
917,0029_2004102006,4,113,1440,960,40, ,0
918,0029_2004102012,4,119,1428,960,40, ,0
919,0029_2004102018,4,124,1419,960,40, ,0
920,0029_2004102100,4,133,1405,960,40, ,0
921,0029_2004102106,4,137,1392,970,35, ,0
922,0029_2004102112,4,139,1383,970,35, ,0
923,0029_2004102118,4,145,1373,970,35, ,0
924,0029_2004102200,4,152,1365,970,35, ,0
925,0029_2004102206,4,158,1357,960,40, ,0
926,0029_2004102212,4,164,1348,960,40, ,0
927,0029_2004102218,4,169,1338,960,40, ,0
928,0029_2004102300,5,174,1323,950,45, ,0
929,0029_2004102306,5,180,1309,950,45, ,0
930,0029_2004102312,5,186,1293,950,45, ,0
931,0029_2004102318,5,193,1277,950,45, ,0
932,0029_2004102400,5,200,1260,950,45, ,0
933,0029_2004102406,5,207,1245,950,45, ,0
934,0029_2004102412,5,217,1232,950,45, ,0
935,0029_2004102418,5,227,1224,955,45, ,0
936,0029_2004102500,5,242,1221,955,45, ,0
937,0029_2004102506,4,254,1216,970,35, ,0
938,0029_2004102512,3,261,1223,980,30, ,0
939,0029_2004102518,3,275,1237,985,25, ,0
940,0029_2004102600,2,283,1260,990,23, ,0
941,0029_2004102606,9,293,1308,995,20, ,0
942,0029_2004102612,9,303,1344,1002,20, ,0
943,0029_2004102618,9,307,1385,1004,20, ,0
944,0029_2004102700,9,315,1419,1006,18, ,0
945,0030_2004111318,0,89,1346,1004,10, ,1
946,0030_2004111400,1,101,1336,1000,15, ,1
947,0030_2004111406,1,109,1314,1000,15, ,1
948,0030_2004111412,1,123,1295,1000,15, ,1
949,0030_2004111418,2,126,1275,996,18, ,1
950,0030_2004111500,2,125,1263,996,18, ,1
951,0030_2004111506,2,130,1260,996,18, ,1
952,0030_2004111512,2,136,1257,996,18, ,1
953,0030_2004111518,2,139,1254,996,18, ,1
954,0030_2004111600,2,142,1254,995,18, ,1
955,0030_2004111606,2,146,1246,990,23, ,1
956,0030_2004111612,3,144,1239,990,25, ,1
957,0030_2004111618,3,144,1237,985,25, ,1
958,0030_2004111700,3,144,1235,985,25, ,1
959,0030_2004111706,3,147,1235,985,28, ,1
960,0030_2004111712,3,150,1236,985,28, ,1
961,0030_2004111718,4,154,1237,975,33, ,1
962,0030_2004111800,4,156,1237,960,40, ,1
963,0030_2004111806,4,157,1239,960,40, ,1
964,0030_2004111812,4,158,1241,960,40, ,1
965,0030_2004111818,4,157,1243,960,40, ,1
966,0030_2004111900,4,155,1243,970,35, ,1
967,0030_2004111906,4,148,1241,970,35, ,1
968,0030_2004111912,4,143,1237,970,35, ,1
969,0030_2004111918,4,136,1226,975,33, ,1
970,0030_2004112000,3,128,1216,980,30, ,1
971,0030_2004112006,3,124,1202,980,30, ,1
972,0030_2004112012,3,123,1193,980,30, ,1
973,0030_2004112018,3,123,1184,980,30, ,1
974,0030_2004112100,3,121,1172,980,30, ,1
975,0030_2004112106,3,119,1161,980,30, ,1
976,0030_2004112112,4,119,1152,975,33, ,1
977,0030_2004112118,4,118,1144,975,33, ,1
978,0030_2004112200,4,115,1137,975,33, ,1
979,0030_2004112206,3,111,1130,980,30, ,1
980,0030_2004112212,3,108,1126,980,30, ,1
981,0030_2004112218,3,106,1122,980,30, ,1
982,0030_2004112300,3,103,1117,980,30, ,1
983,0030_2004112306,3,99,1112,980,30, ,1
984,0030_2004112312,3,98,1108,980,30, ,1
985,0030_2004112318,3,98,1103,985,28, ,1
986,0030_2004112400,3,95,1097,985,28, ,1
987,0030_2004112406,3,89,1089,985,28, ,1
988,0030_2004112412,2,85,1082,990,23, ,1
989,0030_2004112418,2,83,1074,995,20, ,1
990,0031_2004112118,0,156,1249,1006,10, ,0
991,0031_2004112200,1,156,1236,1004,12, ,0
992,0031_2004112206,1,157,1225,1000,15, ,0
993,0031_2004112212,2,156,1217,998,18, ,0
994,0031_2004112218,2,157,1213,998,18, ,0
995,0031_2004112300,2,160,1207,998,18, ,0
996,0031_2004112306,1,163,1197,1000,15, ,0
997,0031_2004112312,1,170,1192,1000,15, ,0
998,0032_2004112800,0,57,1537,1006,10, ,0
999,0032_2004112806,1,56,1523,1002,12, ,0
1000,0032_2004112812,1,60,1504,1000,15, ,0
1001,0032_2004112818,1,61,1490,1000,15, ,0
1002,0032_2004112900,2,64,1477,992,18, ,0
1003,0032_2004112906,2,66,1461,992,18, ,0
1004,0032_2004112912,2,71,1442,990,23, ,0
1005,0032_2004112918,2,76,1431,990,23, ,0
1006,0032_2004113000,2,86,1410,990,23, ,0
1007,0032_2004113006,3,94,1390,980,28, ,0
1008,0032_2004113012,4,100,1371,970,35, ,0
1009,0032_2004113018,4,107,1352,965,40, ,0
1010,0032_2004120100,4,116,1328,960,40, ,0
1011,0032_2004120106,5,124,1305,950,45, ,0
1012,0032_2004120112,5,131,1287,950,45, ,0
1013,0032_2004120118,5,137,1268,950,45, ,0
1014,0032_2004120200,5,143,1250,950,45, ,0
1015,0032_2004120206,5,149,1234,950,45, ,0
1016,0032_2004120212,4,159,1221,960,40, ,0
1017,0032_2004120218,4,173,1201,970,35, ,0
1018,0032_2004120300,4,181,1191,975,33, ,0
1019,0032_2004120306,3,192,1187,980,30, ,0
1020,0032_2004120312,3,202,1183,980,28, ,0
1021,0032_2004120318,3,216,1191,985,25, ,0
1022,0032_2004120400,3,225,1206,990,25, ,0
1023,0032_2004120406,1,232,1226,1000,15, ,0
1024,0033_2004120900,1,59,1778,1006,12, ,0
1025,0033_2004120906,1,60,1759,1004,12, ,0
1026,0033_2004120912,1,66,1742,1002,15, ,0
1027,0033_2004120918,1,72,1724,1002,15, ,0
1028,0033_2004121000,1,75,1709,1002,15, ,0
1029,0033_2004121006,1,77,1694,1000,15, ,0
1030,0033_2004121012,1,80,1679,998,15, ,0
1031,0033_2004121018,2,84,1658,998,18, ,0
1032,0033_2004121100,2,86,1640,996,20, ,0
1033,0033_2004121106,2,91,1619,996,20, ,0
1034,0033_2004121112,2,95,1593,996,20, ,0
1035,0033_2004121118,2,98,1570,994,20, ,0
1036,0033_2004121200,2,100,1555,994,20, ,0
1037,0033_2004121206,2,100,1531,994,20, ,0
1038,0033_2004121212,2,100,1510,994,20, ,0
1039,0033_2004121218,2,99,1492,994,20, ,0
1040,0033_2004121300,2,99,1471,994,20, ,0
1041,0033_2004121306,2,103,1452,994,20, ,0
1042,0033_2004121312,2,105,1436,994,20, ,0
1043,0033_2004121318,2,108,1422,994,20, ,0
1044,0033_2004121400,2,112,1406,994,20, ,0
1045,0033_2004121406,2,113,1392,994,20, ,0
1046,0033_2004121412,2,114,1382,994,20, ,0
1047,0033_2004121418,2,114,1372,994,20, ,0
1048,0033_2004121500,2,115,1363,994,20, ,0
1049,0033_2004121506,2,118,1356,996,18, ,0
1050,0033_2004121512,1,118,1346,1000,15, ,0
1051,0033_2004121518,1,117,1338,1000,15, ,0
1052,0033_2004121600,1,119,1330,1000,15, ,0
1053,0033_2004121606,1,122,1324,1000,15, ,0
1054,0033_2004121612,1,125,1321,1000,15, ,0
1055,0033_2004121618,2,128,1318,997,18, ,0
1056,0033_2004121700,2,132,1316,997,18, ,0
1057,0033_2004121706,2,135,1315,997,18, ,0
1058,0033_2004121712,2,138,1314,997,18, ,0
1059,0033_2004121718,2,140,1313,997,18, ,0
1060,0033_2004121800,2,145,1311,997,18, ,0
1061,0033_2004121806,2,152,1310,997,18, ,0
1062,0033_2004121812,2,162,1311,997,18, ,0
1063,0033_2004121818,2,171,1311,997,18, ,0
1064,0033_2004121900,2,179,1310,997,18, ,0
1065,0033_2004121906,1,183,1308,1000,15, ,0
1066,0033_2004121912,1,190,1306,1002,12, ,0
1067,0034_2004121700,1,115,1535,1004,12, ,0
1068,0034_2004121706,1,121,1526,1004,12, ,0
1069,0034_2004121712,1,129,1521,1004,12, ,0
1070,0034_2004121718,1,134,1517,1002,12, ,0
1071,0034_2004121800,1,137,1510,1000,15, ,0
1072,0034_2004121806,1,136,1500,1000,15, ,0
1073,0034_2004121812,1,135,1491,1000,15, ,0
1074,0034_2004121818,2,134,1484,998,18, ,0
1075,0034_2004121900,2,134,1478,998,18, ,0
1076,0034_2004121906,2,138,1473,998,18, ,0
1077,0034_2004121912,2,150,1467,992,20, ,0
1078,0034_2004121918,2,163,1463,992,20, ,0
1079,0034_2004122000,2,174,1462,990,23, ,0
1080,0034_2004122006,2,188,1463,990,23, ,0
1081,0034_2004122012,2,199,1470,990,23, ,0
1082,0034_2004122018,2,211,1479,990,23, ,0
1083,0034_2004122100,2,229,1500,990,23, ,0
1084,0034_2004122106,2,245,1528,990,23, ,0
1085,0034_2004122112,2,258,1548,992,20, ,0
1086,0034_2004122118,2,269,1583,992,20, ,0
1087,0034_2004122200,9,272,1611,994,15, ,0
1088,0034_2004122206,9,271,1635,996,12, ,0
1089,0034_2004122212,9,267,1671,998,12, ,0
1090,0034_2004122218,9,259,1697,998,10, ,0
1091,0034_2004122300,9,250,1720,1000,10, ,0
