,pathid,start_x,start_y,destination_x,destination_y,angle
0,0001_1981,168.0,6.0,181.0,31.6,0.9906104275819688
1,0002_1981,157.5,4.3,146.5,21.0,0.9933855978817061
2,0003_1981,162.8,5.5,142.0,12.0,0.9987233385535002
3,0004_1981,118.3,17.3,127.9,34.1,0.9933551786233831
4,0005_1981,132.0,12.0,127.1,32.3,0.9875120453955775
5,0006_1981,141.5,12.5,102.4,19.7,0.9948075750942103
6,0007_1981,139.5,8.5,106.5,23.6,0.9876670479315376
7,0008_1981,128.5,18.4,112.0,27.3,0.9953123663649498
8,0009_1981,123.8,24.0,120.5,39.0,0.9926248149063213
9,0010_1981,147.0,25.5,146.0,36.3,0.9974142379895554
10,0011_1981,150.2,21.7,125.0,40.0,0.9862169528552812
11,0012_1981,139.5,16.0,135.0,48.0,0.974251525822329
12,0013_1981,112.0,13.0,104.5,20.0,0.9972966766923864
13,0014_1981,133.0,16.4,155.9,35.5,0.9948832974137635
14,0015_1981,166.0,20.5,155.0,44.0,0.9882079045638666
15,0016_1981,142.0,17.0,169.0,55.0,0.9809541578952177
16,0017_1981,118.5,15.5,105.0,21.0,0.9977340388309829
17,0018_1981,129.8,18.0,141.0,55.0,0.9727185027916965
18,0019_1981,148.0,16.0,174.0,53.0,0.9823837931914298
19,0020_1981,160.5,22.5,182.0,47.0,0.993572446241716
20,0021_1981,144.0,11.0,114.0,24.8,0.990497843546824
21,0022_1981,174.0,24.5,175.0,39.0,0.996850354332219
22,0023_1981,116.5,14.0,115.0,23.5,0.9966419729305098
23,0024_1981,151.0,9.0,154.0,47.0,0.9721209463159513
24,0025_1981,116.0,20.5,110.0,23.5,0.9993680114726603
25,0026_1981,129.0,8.0,100.8,15.3,0.9960687579846395
26,0027_1981,149.0,9.5,154.0,42.0,0.9795507808257915
27,0028_1981,119.0,8.0,108.0,10.5,0.9995562589476041
28,0029_1981,151.8,14.6,109.0,20.8,0.9957087917626928
29,0030_1981,159.0,11.2,136.0,28.0,0.9912054725282431
30,0031_1981,152.6,11.5,131.5,25.2,0.9934952349222709
31,0032_1981,147.7,9.9,125.2,7.0,0.9999386699778848
32,0033_1981,140.0,10.0,113.9,19.6,0.9950931847526686
33,0001_1982,152.0,7.0,109.0,12.0,0.9979762909183411
34,0002_1982,158.0,5.0,112.8,13.2,0.9964018514284799
35,0003_1982,155.6,6.4,154.5,13.0,0.9990826477634918
36,0004_1982,138.5,9.0,156.0,33.0,0.9897108739254136
37,0005_1982,147.3,9.6,143.9,44.2,0.9729943680634062
38,0006_1982,113.8,20.0,118.4,21.8,0.9999670977604106
39,0007_1982,128.0,19.2,155.5,33.0,0.9981869484157873
40,0008_1982,121.9,21.8,147.5,30.0,0.9997194406241902
41,0009_1982,147.8,9.0,106.3,22.3,0.9893657259501764
42,0010_1982,146.5,12.0,114.6,32.6,0.9809665922653625
43,0011_1982,162.0,12.0,151.2,41.7,0.9810157091028548
44,0012_1982,144.5,13.0,136.1,32.9,0.989147451458612
45,0013_1982,153.6,8.2,115.2,25.2,0.9869029768226097
46,0014_1982,153.5,9.5,137.8,52.6,0.9544956647885573
47,0015_1982,127.7,11.9,118.7,19.9,0.99732309857738
48,0016_1982,158.0,13.0,195.2,53.2,0.9831224343765761
49,0017_1982,118.0,17.0,106.2,15.6,0.9999961737682522
50,0018_1982,147.0,12.0,190.7,47.8,0.9865586844954513
51,0019_1982,132.2,13.3,107.4,22.0,0.9948249952987733
52,0020_1982,139.5,16.5,140.3,42.4,0.9845956640966969
53,0021_1982,167.5,23.0,193.7,44.8,0.9958778906222214
54,0022_1982,150.0,20.0,136.0,22.0,0.9996129399412576
55,0023_1982,151.0,11.0,156.0,33.5,0.9903810971541009
56,0024_1982,148.5,13.5,102.5,16.0,0.997940654632306
57,0025_1982,136.7,21.6,128.2,19.4,0.9999786926710843
58,0026_1982,143.5,16.5,134.0,21.0,0.9991607576834769
59,0027_1982,157.9,11.2,173.0,35.0,0.9917160461276697
60,0028_1982,177.9,8.5,116.5,10.1,0.9992498662632713
61,0029_1982,132.0,12.0,124.3,19.0,0.9981387335304339
62,0001_1983,117.0,14.0,105.0,18.5,0.9984708665700703
63,0002_1983,127.5,12.0,109.0,21.0,0.9953487080899721
64,0003_1983,143.5,8.8,100.2,21.5,0.9887533475478816
65,0004_1983,144.0,8.0,114.7,26.5,0.9853204930303169
66,0005_1983,144.5,8.5,156.0,37.0,0.9848792762873759
67,0006_1983,115.4,15.1,128.3,21.0,0.9994838689351027
68,0007_1983,144.0,24.0,137.1,34.4,0.9967464961148883
69,0008_1983,135.8,15.3,141.2,30.2,0.9951514387427088
70,0009_1983,165.1,13.1,113.0,23.6,0.9919830069913714
71,0010_1983,148.0,8.0,146.0,34.5,0.9841921048102766
72,0011_1983,117.5,17.0,104.5,20.4,0.9987945003233348
73,0012_1983,118.5,14.5,104.4,19.2,0.9981934485849809
74,0013_1983,117.0,10.1,104.2,16.0,0.9978063015571074
75,0014_1983,143.5,17.0,153.0,37.0,0.9928853650679662
76,0015_1983,129.0,13.0,111.4,22.4,0.9952023310320638
77,0016_1983,119.0,9.3,99.0,15.0,0.9973818056859547
78,0017_1983,132.0,14.0,105.1,18.0,0.9979556249227514
79,0018_1983,119.0,10.8,108.0,14.0,0.9992627175848354
80,0019_1983,149.0,6.0,154.0,38.0,0.9797326609910632
81,0020_1983,155.0,17.0,159.5,29.5,0.9972893949915823
82,0021_1983,139.0,10.0,124.2,18.2,0.9972865948901888
83,0022_1983,110.5,9.5,120.5,10.3,0.999999878940334
84,0023_1983,148.5,8.0,137.6,8.9,0.9999420016080688
85,0024_1983,133.0,15.0,125.0,17.6,0.9996198863858694
86,0025_1983,136.0,11.0,139.5,19.3,0.9983889107647678
87,0026_1983,135.3,11.0,140.0,17.6,0.9990349763560378
88,0027_1983,129.0,7.5,132.8,10.8,0.9997338402978055
89,0001_1984,113.5,12.0,104.5,16.3,0.9987801442892652
90,0002_1984,136.0,20.2,104.5,21.0,0.9987066998899738
91,0003_1984,126.0,16.0,130.0,35.3,0.9903776027444535
92,0004_1984,125.2,14.8,110.5,22.3,0.9966831157931164
93,0005_1984,150.0,17.0,147.6,30.2,0.9960448100425605
94,0006_1984,157.5,21.3,175.0,41.0,0.9954230643870393
95,0007_1984,135.0,28.7,119.5,38.5,0.9947819867901933
96,0008_1984,137.0,16.0,156.2,47.0,0.9845489219821794
97,0009_1984,115.0,19.5,112.0,21.4,0.9997830991308134
98,0010_1984,133.0,15.0,119.5,22.9,0.9970347306623035
99,0011_1984,135.0,20.5,130.5,21.0,0.9999608286936844
100,0012_1984,118.0,19.5,115.5,25.5,0.9985681828419426
101,0013_1984,133.0,21.5,158.3,36.3,0.9978787088604191
102,0014_1984,142.4,19.8,125.5,37.3,0.9886606525373781
103,0015_1984,145.9,10.5,107.4,23.4,0.9898382850983865
104,0016_1984,131.9,17.9,114.8,25.4,0.9965689421038809
105,0017_1984,171.0,21.0,179.0,40.0,0.9952353917420743
106,0018_1984,119.7,17.8,108.2,15.8,0.9999965618523002
107,0019_1984,147.5,22.0,179.0,40.0,0.9974241584401893
108,0020_1984,150.0,24.5,149.2,32.9,0.9984805925644787
109,0021_1984,152.3,18.0,175.0,38.0,0.9953781359181297
110,0022_1984,116.5,10.4,106.5,14.2,0.9990532779643321
111,0023_1984,143.6,11.3,144.5,20.0,0.9982596793774452
112,0024_1984,153.0,19.8,157.0,38.0,0.9940898527771852
113,0025_1984,148.6,8.7,167.0,36.6,0.9876584071967621
114,0026_1984,133.0,11.7,122.5,12.5,0.999902772801985
115,0027_1984,159.0,7.0,162.0,40.0,0.9804472104784299
116,0028_1984,118.5,12.0,105.0,13.8,0.9995572695873738
117,0029_1984,127.2,17.7,119.5,20.5,0.9994997723011668
118,0030_1984,145.2,6.2,104.0,14.5,0.9954093052290767
119,0031_1984,153.7,14.6,126.5,11.2,0.9999795278249844
120,0032_1984,156.6,4.7,151.1,27.9,0.9883813819476623
121,0033_1984,142.0,9.0,143.0,28.0,0.9915538183663923
122,0001_1985,132.0,9.5,137.2,9.5,0.9999963166099871
123,0002_1985,157.0,4.0,148.5,12.5,0.9982890751148394
124,0003_1985,127.0,12.0,161.0,21.0,0.9993701523786189
125,0004_1985,129.8,9.0,145.0,30.8,0.9902053510797222
126,0005_1985,112.3,18.6,104.8,19.8,0.999744798589983
127,0006_1985,121.5,21.5,129.0,29.0,0.9989427248572332
128,0007_1985,141.3,12.5,125.5,32.5,0.9863915722328054
129,0008_1985,140.5,6.8,167.0,55.0,0.9638261935943261
130,0009_1985,115.0,21.5,118.0,23.7,0.9999103899363576
131,0010_1985,136.0,8.0,115.8,24.0,0.989418336082564
132,0011_1985,145.0,22.5,137.5,44.9,0.9869575258593658
133,0012_1985,148.0,22.1,130.3,38.5,0.9903455620183366
134,0013_1985,110.5,17.5,106.0,21.5,0.9990735414703753
135,0014_1985,131.4,22.9,130.9,49.8,0.98181677408087
136,0015_1985,123.0,23.5,130.0,46.5,0.9880532826268966
137,0016_1985,141.0,15.0,112.5,25.9,0.9927732683075174
138,0017_1985,120.5,24.5,109.0,21.0,0.9999473994674777
139,0018_1985,142.2,19.3,140.0,37.5,0.9919699412471754
140,0019_1985,125.0,25.0,140.5,42.2,0.9955487880705631
141,0020_1985,138.0,20.0,152.9,40.3,0.9935335205034105
142,0021_1985,181.4,12.7,182.0,39.5,0.9896755004319685
143,0022_1985,133.0,15.0,104.0,24.0,0.9934530087562494
144,0023_1985,123.7,26.8,132.0,49.0,0.9899222043621857
145,0024_1985,146.0,13.0,118.0,23.5,0.9941980371366305
146,0025_1985,115.5,14.5,114.0,23.9,0.996658830379504
147,0026_1985,119.5,15.5,105.2,17.6,0.9993237572634354
148,0027_1985,134.3,17.0,141.0,42.0,0.9866488001089396
149,0028_1985,115.0,7.0,105.0,11.0,0.9990502546518116
150,0029_1985,126.0,9.0,102.0,18.0,0.9946626205654068
151,0030_1985,155.0,5.0,103.2,19.0,0.988797546632198
152,0031_1985,154.0,9.0,132.0,13.0,0.9992083583457572
153,0032_1985,126.0,13.0,140.8,28.6,0.9952420954227487
154,0033_1985,111.5,8.2,107.5,10.5,0.9997130896818665
155,0034_1985,115.5,7.5,107.0,7.0,0.9999998831418846
156,0035_1985,139.3,9.9,130.5,18.5,0.9975598223448573
157,0001_1986,152.5,4.5,141.8,18.7,0.9948411671982584
158,0002_1986,137.8,6.0,123.5,12.7,0.9982623669626497
159,0003_1986,143.3,4.6,132.0,10.2,0.9989863205775888
160,0004_1986,113.8,17.5,131.0,25.0,0.9993524671386341
161,0005_1986,160.0,8.2,171.0,45.0,0.978832679239572
162,0006_1986,133.2,10.1,152.0,39.0,0.9846428603549028
163,0007_1986,112.0,18.0,113.3,25.1,0.9982798173658831
164,0008_1986,143.0,14.0,169.0,44.0,0.9876836700835238
165,0009_1986,162.0,13.0,104.0,23.0,0.9905514363438898
166,0010_1986,145.5,12.5,148.5,34.0,0.9903027939876062
167,0011_1986,111.2,17.2,103.5,22.2,0.9983282458789464
168,0012_1986,127.0,23.0,121.0,27.0,0.9991847038519102
169,0013_1986,141.0,12.0,120.0,16.7,0.9985757999619791
170,0014_1986,176.0,13.5,155.5,19.5,0.9988387937859841
171,0015_1986,114.5,15.0,106.3,23.2,0.9964220195703359
172,0016_1986,158.5,18.8,146.0,41.5,0.9874048156649413
173,0017_1986,131.0,17.0,135.8,50.1,0.9749313240763732
174,0018_1986,121.5,17.6,101.4,19.7,0.9988465756269829
175,0019_1986,161.0,21.5,142.5,40.5,0.9896278082086674
176,0020_1986,150.0,9.9,136.0,39.0,0.9773236751995927
177,0021_1986,162.0,9.5,175.5,42.0,0.9844952502494174
178,0022_1986,155.0,10.0,168.0,47.0,0.9783712533791944
179,0023_1986,122.0,14.8,107.0,17.8,0.9990266954638081
180,0024_1986,140.0,8.5,109.1,21.2,0.9913944298084719
181,0025_1986,166.7,12.0,168.0,43.0,0.9840735798562611
182,0026_1986,130.0,10.5,106.5,16.0,0.9976530644583483
183,0027_1986,127.5,12.5,109.0,14.5,0.9994041009264204
184,0028_1986,134.0,6.1,112.3,11.9,0.9981956672180818
185,0029_1986,131.3,12.5,130.4,25.8,0.9949627197149217
186,0030_1986,164.1,7.8,130.9,17.9,0.9960946945531123
187,0031_1986,113.0,6.0,108.7,11.0,0.9988575541367943
188,0032_1986,165.0,6.0,141.0,23.0,0.9921541170576218
189,0033_1986,173.0,4.0,109.8,10.0,0.9977087667657996
190,0034_1986,169.0,7.0,123.4,10.4,0.999089192703843
191,0034_1987,120.4,10.9,118.5,11.3,0.999988548385561
192,0001_1987,149.1,7.2,131.8,9.5,0.9997191156681133
193,0002_1987,146.0,7.0,135.0,11.3,0.999366368466661
194,0003_1987,118.0,17.2,107.5,23.2,0.9977017371289579
195,0004_1987,122.4,22.0,122.9,25.4,0.9996629794748216
196,0005_1987,141.0,10.0,146.0,33.5,0.9880509460415203
197,0006_1987,150.0,12.0,133.0,47.0,0.9664270223868686
198,0007_1987,143.0,10.0,122.3,28.6,0.9872421627961748
199,0008_1987,169.0,9.0,153.8,35.0,0.9854909852265383
200,0009_1987,139.7,9.0,125.0,39.8,0.9703996776756425
201,0010_1987,132.3,9.5,98.0,19.5,0.9922312010930713
202,0011_1987,145.0,26.5,154.8,37.4,0.9984158240140618
203,0012_1987,135.3,13.5,103.5,19.5,0.996237521904937
204,0013_1987,136.0,25.0,142.8,31.4,0.9993997681643605
205,0014_1987,151.4,11.7,152.0,49.0,0.9725784658441051
206,0015_1987,133.4,15.3,116.0,26.0,0.9943554646442567
207,0016_1987,119.5,16.8,107.9,15.3,0.9999992937409914
208,0017_1987,144.0,13.0,163.0,47.0,0.9818727238156648
209,0018_1987,170.0,11.5,161.5,41.0,0.9836509371176916
210,0019_1987,146.0,16.0,152.7,34.0,0.9939636170664803
211,0020_1987,181.5,21.5,175.0,27.0,0.9993815694858323
212,0021_1987,155.5,23.5,151.3,32.5,0.9981033575928475
213,0022_1987,137.0,12.5,168.0,45.0,0.9854619255153966
214,0023_1987,155.0,12.0,113.3,22.2,0.9932536557756795
215,0024_1987,128.0,12.2,109.7,11.6,0.9999466874104423
216,0025_1987,159.0,3.5,117.8,19.3,0.9901621681373374
217,0026_1987,115.5,11.6,108.8,12.3,0.9999221724915284
218,0027_1987,142.0,8.6,113.8,11.0,0.9993566707596069
219,0001_1988,173.0,6.0,114.0,13.3,0.996682874661861
220,0002_1988,119.3,19.0,131.0,26.8,0.9990383178288486
221,0003_1988,128.5,18.0,118.8,23.5,0.9984257963176625
222,0004_1988,138.0,6.9,136.0,30.0,0.9860624475998269
223,0005_1988,131.0,7.2,112.9,22.2,0.9903203015299997
224,0006_1988,133.3,23.0,121.0,21.3,0.999994264008007
225,0007_1988,144.1,11.6,113.0,25.0,0.9905747353718035
226,0008_1988,143.0,25.0,160.0,44.0,0.995463325215178
227,0009_1988,134.4,20.0,139.5,34.5,0.99551726637591
228,0010_1988,116.0,17.5,107.0,21.5,0.9988211418541701
229,0011_1988,128.2,21.0,111.9,32.2,0.9930669508523582
230,0012_1988,175.0,26.8,155.0,38.0,0.9960902119452731
231,0013_1988,139.5,24.5,129.5,32.2,0.9975613271964565
232,0014_1988,129.0,25.2,133.0,38.0,0.9963573120241344
233,0015_1988,170.6,19.0,176.8,36.8,0.995557036360238
234,0016_1988,143.0,29.6,168.0,45.0,0.9983414042348615
235,0017_1988,158.0,22.8,158.0,42.5,0.9928739395594299
236,0018_1988,134.5,26.2,145.0,32.8,0.9995477335292058
237,0019_1988,190.0,22.8,163.5,30.8,0.9977718294377285
238,0020_1988,156.7,18.0,160.3,42.5,0.9895351725300533
239,0021_1988,159.2,20.0,156.1,31.0,0.9974758302010591
240,0022_1988,131.0,16.5,142.5,26.5,0.9982852570825989
241,0023_1988,125.5,16.0,115.8,23.7,0.9971836155465617
242,0024_1988,114.5,15.0,115.1,22.8,0.997869073504837
243,0025_1988,142.0,18.0,131.0,28.0,0.9964333607215011
244,0026_1988,125.0,16.0,105.5,19.3,0.9985622613492433
245,0027_1988,138.3,12.3,152.0,36.0,0.9896709542571488
246,0028_1988,118.0,15.1,109.0,14.7,0.9999770214195749
247,0029_1988,150.0,17.2,139.5,29.5,0.9955635237600005
248,0030_1988,115.0,13.8,106.5,14.7,0.999842782134225
249,0031_1988,139.0,6.0,104.2,20.9,0.9880407712433931
250,0032_1988,138.0,10.2,109.5,17.5,0.9964152441488209
251,0033_1988,125.5,11.0,107.0,12.0,0.9997058162242647
252,0034_1988,140.3,8.3,108.5,15.8,0.9963457686748209
253,0035_1988,131.0,11.0,124.5,16.6,0.9988105605185919
254,0001_1989,156.7,16.7,127.0,13.0,0.9999913247343484
255,0002_1989,127.0,10.5,126.5,12.0,0.9999269278689448
256,0003_1989,148.5,9.9,160.9,29.4,0.9934907898082489
257,0004_1989,134.0,6.0,110.1,22.7,0.9874523823115271
258,0005_1989,114.4,11.4,104.8,17.4,0.9978747622967489
259,0006_1989,137.0,7.3,105.4,20.8,0.989990675094338
260,0007_1989,131.0,15.5,136.5,43.5,0.9818654910054987
261,0008_1989,114.0,14.2,107.0,17.5,0.9992707374107951
262,0009_1989,130.0,14.5,107.0,22.0,0.9957983022380997
263,0010_1989,148.0,18.5,106.5,23.5,0.9956951157784092
264,0011_1989,136.4,19.8,118.3,31.3,0.9934519956479542
265,0012_1989,124.0,13.5,104.0,20.5,0.9962891025837111
266,0013_1989,142.5,10.0,125.0,38.0,0.9747802983610506
267,0014_1989,129.5,23.0,113.2,31.2,0.9956630246115038
268,0015_1989,128.0,25.0,121.7,25.5,0.999906713794328
269,0016_1989,154.0,22.5,137.0,43.5,0.9868464933164719
270,0017_1989,114.5,17.0,107.0,22.0,0.9984665519580133
271,0018_1989,143.0,14.0,153.0,45.6,0.9816119863035192
272,0019_1989,155.0,20.5,147.0,45.0,0.9863246841235797
273,0020_1989,148.5,19.0,145.7,23.5,0.9994667623322954
274,0021_1989,128.5,28.0,119.5,26.8,0.9999815646144242
275,0022_1989,137.0,17.0,122.0,23.7,0.9976605398882237
276,0023_1989,153.5,21.5,153.8,25.0,0.9997584587761732
277,0024_1989,122.0,27.0,145.0,46.0,0.9960066883019776
278,0025_1989,148.8,26.5,161.6,32.2,0.9997911549556098
279,0026_1989,147.0,20.5,119.1,25.5,0.9973832180778789
280,0027_1989,150.0,18.0,169.6,36.4,0.995772222426032
281,0028_1989,148.0,18.0,142.0,42.0,0.9861628096741814
282,0029_1989,125.5,19.5,153.0,40.0,0.994846346414212
283,0030_1989,140.0,11.0,104.8,17.2,0.9964520943798454
284,0031_1989,118.5,17.0,104.5,19.2,0.9992310812909542
285,0032_1989,150.0,11.5,157.7,44.0,0.9809362509859963
286,0033_1989,139.3,10.0,102.8,18.8,0.9940418615236137
287,0034_1989,132.4,16.0,106.1,18.7,0.9985318446998421
288,0035_1989,149.2,8.2,154.3,37.2,0.9835434018343162
289,0036_1989,135.0,12.0,118.0,17.0,0.9985191940311078
290,0037_1989,152.8,14.8,144.5,22.6,0.9982842679586644
291,0038_1989,144.5,10.0,133.0,13.3,0.9995326314407532
292,0039_1989,156.0,8.5,147.4,11.2,0.9997709295017042
293,0001_1990,152.5,7.0,160.0,29.5,0.9907040536732677
294,0002_1990,152.0,5.0,149.5,15.1,0.9977038771171207
295,0003_1990,119.0,8.0,133.0,31.0,0.9869278989487976
296,0004_1990,122.0,9.0,113.0,14.0,0.9987687555085845
297,0005_1990,113.5,15.5,107.0,19.5,0.9990082407823508
298,0006_1990,131.9,8.4,106.0,22.2,0.9898140951164994
299,0007_1990,112.0,14.0,109.5,14.5,0.9999733613926616
300,0008_1990,139.0,8.5,129.1,37.7,0.9752281425102385
301,0009_1990,146.5,11.0,118.8,26.7,0.9893420882747361
302,0010_1990,141.0,11.0,135.5,42.5,0.9745529025015677
303,0011_1990,110.0,14.0,102.0,20.0,0.9977543395625901
304,0012_1990,130.0,13.0,122.0,20.5,0.9977691135529312
305,0013_1990,140.0,17.0,162.0,48.6,0.9854797157877627
306,0014_1990,154.0,29.0,154.0,35.0,0.999302769780391
307,0015_1990,119.6,20.0,114.5,25.5,0.9985724075028002
308,0016_1990,134.4,17.3,170.0,44.0,0.9921665348967053
309,0017_1990,125.5,30.0,154.0,47.0,0.9981048496630365
310,0018_1990,155.1,9.1,115.2,24.2,0.9890009179623216
311,0019_1990,180.6,14.8,170.9,16.2,0.9999188023362259
312,0020_1990,142.5,17.5,139.0,43.5,0.9836462944037614
313,0021_1990,130.0,19.0,102.8,18.0,0.9996020191651868
314,0022_1990,144.0,12.5,131.0,39.9,0.9782254073698095
315,0023_1990,123.0,21.0,120.4,27.9,0.9982830825954853
316,0024_1990,142.8,17.2,113.0,21.0,0.9979607615892366
317,0025_1990,148.5,18.5,104.8,19.8,0.9980293740002718
318,0026_1990,147.1,12.4,166.0,46.0,0.9827096659610153
319,0027_1990,134.0,13.5,146.0,42.0,0.9838972684348755
320,0028_1990,150.0,16.0,153.0,39.0,0.989746962054473
321,0029_1990,113.3,13.6,105.0,14.5,0.9998422317705202
322,0030_1990,115.0,13.5,106.0,13.0,0.9999866063833799
323,0031_1990,148.7,14.8,168.0,45.0,0.9868241304097131
324,0032_1990,114.8,13.4,105.8,13.9,0.9998958478881599
325,0033_1990,151.5,6.0,108.0,21.1,0.9882638769787031
326,0034_1990,115.5,13.0,107.5,12.7,0.9999848085737199
327,0035_1990,171.0,8.5,130.0,10.0,0.9996326774160318
328,0036_1990,145.5,7.5,138.1,39.0,0.9750753841294905
329,0037_1990,172.0,5.0,147.1,25.8,0.9895689065500957
330,0001_1991,152.0,4.0,122.3,10.5,0.9982402117085479
331,0002_1991,159.5,3.5,159.0,23.0,0.992601558223816
332,0003_1991,131.0,7.0,108.0,19.5,0.9921668843990198
333,0004_1991,151.5,6.5,153.0,36.5,0.9817565676907316
334,0005_1991,127.5,12.0,121.3,22.5,0.9959917539408807
335,0006_1991,142.5,11.0,141.5,14.5,0.9996855922097438
336,0007_1991,128.5,13.0,103.0,22.5,0.9934812646103062
337,0008_1991,138.0,13.0,111.0,26.0,0.9907444811226082
338,0009_1991,129.0,11.5,107.5,21.8,0.9938275063544134
339,0010_1991,143.5,12.0,137.2,43.0,0.9758351940815602
340,0011_1991,163.0,24.0,159.6,39.3,0.9954672981731253
341,0012_1991,159.3,21.7,118.5,23.5,0.9981774076672588
342,0013_1991,123.6,16.5,104.9,17.8,0.9993744096408871
343,0014_1991,149.0,21.1,120.5,35.0,0.9899345011305715
344,0015_1991,146.0,27.3,128.9,34.1,0.9972802294632439
345,0016_1991,133.0,24.0,167.0,47.0,0.9954136383583743
346,0017_1991,155.5,7.5,169.0,43.0,0.9798760150444282
347,0018_1991,119.3,17.5,113.2,25.2,0.9973079575425793
348,0019_1991,141.0,14.0,175.0,41.0,0.9914097336039356
349,0020_1991,171.4,12.7,152.0,48.0,0.9732272645854284
350,0021_1991,144.5,15.0,169.0,44.0,0.9885812745809859
351,0022_1991,130.4,16.5,116.5,27.0,0.9948153164414353
352,0023_1991,142.5,18.5,159.0,48.0,0.986568328132334
353,0024_1991,157.0,14.8,165.0,46.0,0.9842184432080597
354,0025_1991,146.5,8.5,160.0,33.0,0.9894418876254705
355,0026_1991,164.0,7.0,119.4,18.5,0.9938389513741034
356,0027_1991,140.0,8.0,109.5,9.3,0.999617835260359
357,0028_1991,166.2,7.5,156.0,31.0,0.9886111014559346
358,0029_1991,134.0,7.5,113.2,16.2,0.9962842742929533
359,0030_1991,166.2,4.3,174.0,39.0,0.9811198589932257
360,0031_1991,174.0,6.9,165.2,23.0,0.9951329570167957
361,0001_1992,178.5,5.2,140.8,14.2,0.9974528874066283
362,0002_1992,181.4,9.0,150.1,6.5,0.9999801800164688
363,0003_1992,130.5,11.2,172.0,43.0,0.9873282990344294
364,0004_1992,118.9,13.0,106.5,23.2,0.9944309274810973
365,0005_1992,140.3,5.8,132.2,28.0,0.9860214140410756
366,0006_1992,141.0,8.0,105.0,20.8,0.9903707545214682
367,0007_1992,123.5,16.5,113.7,23.0,0.9977712682366403
368,0008_1992,131.0,14.0,104.8,22.5,0.99449065947362
369,0009_1992,158.0,25.8,169.0,43.0,0.9961927765421996
370,0010_1992,131.4,21.8,125.8,36.5,0.9930482779623784
371,0011_1992,149.0,10.0,150.0,50.0,0.9677296137630697
372,0012_1992,170.5,10.0,134.5,36.7,0.9784884065840224
373,0013_1992,126.5,14.5,170.0,44.0,0.990335727490705
374,0014_1992,117.5,18.4,116.0,23.3,0.9990803604029871
375,0015_1992,161.0,25.0,173.0,40.0,0.9973241429720231
376,0016_1992,158.6,6.8,107.0,20.5,0.9892959335719622
377,0017_1992,128.0,20.2,127.5,40.0,0.9891446249693925
378,0018_1992,147.5,16.7,148.0,52.0,0.9747633210034635
379,0019_1992,165.0,19.0,175.5,42.0,0.9927784611232408
380,0020_1992,149.5,16.5,155.0,48.5,0.9813700507835895
381,0021_1992,115.6,15.0,106.3,18.0,0.9992510891291124
382,0022_1992,155.0,6.5,158.8,48.0,0.968509264055208
383,0023_1992,181.0,14.0,172.8,45.5,0.983795001632281
384,0024_1992,133.5,16.0,147.3,32.0,0.9955251168942014
385,0025_1992,160.5,16.0,155.0,29.0,0.9963387113514439
386,0026_1992,117.5,11.5,106.6,12.8,0.9997592995790382
387,0027_1992,159.9,10.6,149.5,34.0,0.9876340079979763
388,0028_1992,133.5,11.0,105.6,14.4,0.998579016017729
389,0029_1992,181.0,10.8,164.3,33.5,0.9899998711846734
390,0030_1992,151.0,8.0,156.3,34.2,0.9868284439472035
391,0031_1992,116.5,7.5,106.7,7.6,0.9999767528517982
392,0032_1992,177.0,6.0,130.0,25.0,0.9878406550749104
393,0033_1992,159.3,12.5,167.0,43.0,0.9849515193157204
394,0001_1993,169.0,5.0,152.0,18.0,0.9961045342140651
395,0002_1993,161.0,5.0,143.5,5.9,0.9999495402071262
396,0003_1993,156.5,4.2,108.4,23.8,0.9821367069819656
397,0004_1993,131.0,9.4,121.3,15.0,0.9986791677771083
398,0005_1993,128.0,9.3,103.1,19.4,0.9935699483183109
399,0006_1993,138.4,8.0,120.0,18.0,0.9958486477652047
400,0007_1993,150.2,13.5,135.0,40.0,0.9803800105577855
401,0008_1993,138.5,16.8,135.5,41.5,0.9844656741156947
402,0009_1993,130.4,21.0,138.0,42.5,0.9903437480448665
403,0010_1993,154.0,7.0,147.5,39.0,0.9773867420397503
404,0011_1993,152.5,12.2,125.0,25.5,0.9926390058515624
405,0012_1993,141.0,10.0,106.2,24.5,0.9878680511488462
406,0013_1993,180.9,20.1,167.0,30.5,0.9975519385140269
407,0014_1993,153.6,18.6,147.5,50.0,0.9787914960744777
408,0015_1993,125.0,12.0,105.0,18.0,0.9972579556156116
409,0016_1993,138.0,19.5,136.0,42.0,0.987361237297986
410,0017_1993,131.2,20.0,152.7,42.7,0.992640773537663
411,0018_1993,124.0,19.0,113.5,24.2,0.9983169085647711
412,0019_1993,130.5,13.5,106.8,22.4,0.9946321659226371
413,0020_1993,117.0,17.9,112.6,22.8,0.9988496041986281
414,0021_1993,150.0,13.7,168.0,46.0,0.9845206753395803
415,0022_1993,146.0,12.5,163.0,45.0,0.9831277709937767
416,0023_1993,130.0,16.3,172.5,45.5,0.9911472130776581
417,0024_1993,142.6,9.0,133.0,25.0,0.9924729952407207
418,0025_1993,121.5,19.5,114.0,23.0,0.999202297650671
419,0026_1993,160.0,13.0,179.5,40.5,0.9900985723375589
420,0027_1993,146.0,12.5,111.0,22.0,0.993928149175934
421,0028_1993,149.0,12.2,142.0,22.5,0.9971552003832194
422,0029_1993,129.5,10.5,104.8,13.8,0.9987491592004488
423,0030_1993,145.5,7.2,106.3,13.2,0.9972558339357402
424,0031_1993,144.0,8.0,106.0,7.0,0.9999454673110209
425,0032_1993,139.5,7.5,115.8,10.7,0.9992617609439511
426,0001_1994,134.8,10.8,118.5,18.5,0.9971948017317726
427,0002_1994,140.5,11.7,171.0,48.0,0.9818951015087571
428,0003_1994,114.1,20.3,134.0,32.0,0.9982984775608843
429,0004_1994,126.0,13.5,111.8,27.0,0.9915320950628583
430,0005_1994,118.7,18.5,108.1,24.3,0.9977893511270605
431,0006_1994,131.6,12.8,123.0,41.9,0.9733549971972268
432,0007_1994,115.6,16.0,119.0,23.0,0.9985751642568294
433,0008_1994,129.0,11.0,127.0,33.5,0.9851004082968549
434,0009_1994,116.0,16.0,127.1,20.6,0.9997212098459249
435,0010_1994,136.0,21.0,169.0,48.0,0.9923793588383847
436,0011_1994,106.0,20.0,110.2,23.8,0.9996563505964008
437,0012_1994,145.8,16.3,140.3,33.3,0.9926034787531066
438,0013_1994,106.5,21.0,103.5,19.0,0.9999137754276224
439,0014_1994,129.5,15.1,147.0,41.0,0.9878689320577229
440,0015_1994,129.5,18.9,112.5,27.3,0.9956654079370308
441,0016_1994,144.0,15.0,119.9,31.7,0.9880608022824807
442,0017_1994,146.5,28.5,135.0,48.0,0.988849229274696
443,0018_1994,179.5,12.6,169.0,18.1,0.9993297877828525
444,0019_1994,148.0,17.4,123.8,38.2,0.9834360200091543
445,0020_1994,157.3,22.6,116.9,34.5,0.9896097596798205
446,0021_1994,120.3,15.5,102.5,21.5,0.9969110403596392
447,0022_1994,162.0,19.5,170.0,45.0,0.9903582487673925
448,0023_1994,179.3,22.2,179.8,31.0,0.9988698392231996
449,0024_1994,116.0,15.5,104.5,20.8,0.997975569551063
450,0025_1994,140.0,20.0,157.0,48.0,0.9880407577688053
451,0026_1994,132.5,13.7,105.0,18.5,0.9974542122102601
452,0027_1994,159.5,10.0,149.3,42.1,0.977563146722856
453,0028_1994,142.0,15.0,151.6,30.6,0.9955920687372707
454,0029_1994,135.0,14.0,148.0,50.0,0.975356595291773
455,0030_1994,167.6,15.0,165.0,40.5,0.9885556089447779
456,0031_1994,154.0,19.0,149.4,30.7,0.9968087994447152
457,0032_1994,160.0,12.0,148.0,49.0,0.9701707128956529
458,0033_1994,148.0,14.5,109.0,11.1,0.9999926895874576
459,0034_1994,165.0,11.1,145.4,29.3,0.9913429074585528
460,0035_1994,164.3,13.7,166.0,40.0,0.9882779632562995
461,0036_1994,179.0,24.5,153.4,30.0,0.9983700491089793
462,0037_1994,166.7,17.0,143.0,31.0,0.9937511182731458
463,0038_1994,147.0,7.0,116.2,19.2,0.9932598847732388
464,0039_1994,166.0,6.5,150.0,30.5,0.9869933065937656
465,0001_1995,166.2,5.2,155.2,12.3,0.9988573258426086
466,0002_1995,129.5,10.2,131.5,29.5,0.9899237726440802
467,0003_1995,141.7,16.7,142.0,45.0,0.9820841885095577
468,0004_1995,121.0,17.0,116.5,32.0,0.9917571917643588
469,0005_1995,133.0,15.2,115.4,26.5,0.9937422979691012
470,0006_1995,112.6,15.2,108.9,22.1,0.9978201906797756
471,0007_1995,131.0,20.2,148.5,39.5,0.9942830836095814
472,0008_1995,116.8,17.4,104.3,19.1,0.9994478087256837
473,0009_1995,132.5,11.0,109.9,24.2,0.9910471375145654
474,0010_1995,152.0,28.0,175.0,41.0,0.9988498213419598
475,0011_1995,129.0,12.0,107.0,24.0,0.9918331042857138
476,0012_1995,147.5,15.2,163.0,47.0,0.9841926242857701
477,0013_1995,123.6,16.2,155.5,36.5,0.9949813910452611
478,0014_1995,116.0,15.0,138.0,39.8,0.9884415112778191
479,0015_1995,136.7,7.7,111.5,24.0,0.987896457156788
480,0016_1995,118.0,15.0,112.0,23.8,0.9965620438707897
481,0017_1995,146.5,19.5,137.6,22.1,0.9996376123547208
482,0018_1995,153.5,12.3,147.4,31.7,0.9913170775302519
483,0019_1995,131.0,10.5,107.5,13.5,0.9989901111703235
484,0020_1995,137.0,7.2,105.9,14.5,0.9965101399143363
485,0021_1995,145.0,10.0,107.4,19.0,0.9943617727725598
486,0022_1995,157.2,19.7,163.0,32.0,0.9976076373250906
487,0023_1995,115.0,8.5,109.0,9.0,0.9999629940221538
488,0024_1995,130.5,10.1,147.0,23.0,0.9969623780861773
489,0001_1996,130.0,8.0,120.5,10.0,0.9997723776374015
490,0002_1996,145.0,9.0,119.1,12.5,0.9990935431977311
491,0003_1996,140.0,8.0,147.6,29.3,0.9903715000391627
492,0004_1996,114.0,14.2,136.0,26.0,0.9978899283478753
493,0005_1996,148.6,19.9,151.1,44.9,0.9879002128089677
494,0006_1996,142.3,20.2,141.0,34.0,0.99543321083095
495,0007_1996,115.5,16.0,103.5,20.2,0.9984827051676392
496,0008_1996,132.2,11.8,110.5,25.5,0.990523881728748
497,0009_1996,154.0,15.5,111.8,32.5,0.9833768301387971
498,0010_1996,154.2,25.8,156.0,36.0,0.9981389027720736
499,0011_1996,131.0,23.0,145.1,40.6,0.9951006706629026
500,0012_1996,114.5,17.0,119.2,26.0,0.9977320182044617
501,0013_1996,109.4,23.5,105.6,20.6,0.9998207113763133
502,0014_1996,130.8,17.3,103.7,20.0,0.9982585312282863
503,0015_1996,142.5,23.0,165.0,44.0,0.9949461995493288
504,0016_1996,160.0,27.0,160.0,43.2,0.995343939089519
505,0017_1996,135.0,13.0,105.6,22.2,0.9938225866486857
506,0018_1996,122.5,15.5,106.0,18.0,0.9991035845336059
507,0019_1996,131.0,17.0,149.0,44.6,0.9869403355831022
508,0020_1996,148.0,17.3,159.1,34.7,0.9951650595023527
509,0021_1996,109.3,19.0,105.5,18.8,0.9999910350592915
510,0022_1996,157.2,16.0,153.0,34.5,0.9927667845250167
511,0023_1996,138.0,15.0,157.1,32.5,0.9954217316015095
512,0024_1996,121.0,15.5,112.0,16.0,0.9998949965870996
513,0025_1996,134.0,15.5,109.8,15.8,0.9996147966920069
514,0026_1996,149.8,18.8,155.0,37.2,0.9938793353493947
515,0027_1996,117.0,12.0,107.2,15.1,0.9992882764706311
516,0028_1996,152.2,10.2,147.5,32.7,0.9885836018586464
517,0029_1996,128.7,8.6,108.2,9.6,0.9997630431692263
518,0030_1996,140.8,9.2,151.8,20.0,0.9978392707786211
519,0001_1997,136.5,8.5,133.2,11.2,0.9997646510509949
520,0002_1997,158.5,7.5,164.6,36.5,0.9854261049900319
521,0003_1997,155.0,14.1,161.3,23.8,0.9984449183326761
522,0004_1997,168.4,9.8,161.3,15.0,0.9994015309363424
523,0005_1997,119.3,16.3,149.2,33.8,0.9962186086501698
524,0006_1997,156.4,11.7,181.0,36.3,0.9924133895650039
525,0007_1997,151.0,11.3,151.7,36.7,0.9867985483014317
526,0008_1997,133.7,14.0,150.4,41.8,0.9861290409595351
527,0009_1997,132.3,13.2,147.3,40.1,0.9861959969955983
528,0010_1997,138.7,9.8,135.6,36.0,0.9821998169104206
529,0011_1997,155.0,22.3,174.9,38.9,0.9971164190222158
530,0012_1997,136.5,13.4,157.7,41.5,0.9873117806621146
531,0013_1997,114.7,16.7,117.0,32.5,0.9920264905989546
532,0014_1997,158.9,11.2,131.0,45.8,0.9648389020292694
533,0015_1997,165.4,15.0,165.8,45.3,0.9845047202910884
534,0016_1997,117.0,17.5,105.6,21.7,0.9985315860725229
535,0017_1997,131.2,13.3,115.0,28.8,0.9895980354173057
536,0018_1997,153.8,12.2,167.6,46.2,0.9820385456646599
537,0019_1997,114.1,18.5,117.8,26.0,0.9984048248904169
538,0020_1997,172.5,14.9,136.2,37.4,0.9835148200905183
539,0021_1997,169.9,11.3,151.8,41.9,0.9794856410256442
540,0022_1997,111.0,15.6,106.8,15.5,0.9999898806213451
541,0023_1997,165.0,13.0,173.1,43.5,0.9859919360432748
542,0024_1997,150.0,11.5,141.0,29.0,0.9920312100997525
543,0025_1997,164.1,12.6,163.0,29.5,0.9947605266469249
544,0026_1997,160.0,6.0,148.0,28.8,0.9880562199354977
545,0027_1997,113.5,7.5,106.2,8.3,0.9999278506411765
546,0028_1997,138.5,11.5,122.0,15.0,0.9992201984645243
547,0029_1997,168.6,6.7,131.3,18.5,0.9949782617228808
548,0001_1998,118.3,20.1,118.1,24.4,0.9993721332023162
549,0002_1998,128.7,19.3,122.1,24.9,0.9986315824014268
550,0003_1998,127.4,14.8,118.3,26.2,0.9947717479735951
551,0004_1998,127.5,12.5,107.4,23.4,0.9931869109933128
552,0005_1998,115.4,17.8,108.4,21.5,0.9990859990372689
553,0006_1998,129.2,20.0,166.0,48.1,0.9917609488640513
554,0007_1998,125.0,25.0,137.5,29.7,0.9998824024700823
555,0008_1998,115.7,20.2,105.5,20.5,0.9998180992856921
556,0009_1998,144.6,18.7,147.2,45.2,0.9857000047877411
557,0010_1998,128.5,20.5,120.9,29.6,0.9966474680467484
558,0011_1998,119.2,17.3,147.0,42.0,0.9910124623076806
559,0012_1998,137.2,22.4,138.0,38.0,0.9942953046651087
560,0013_1998,127.0,18.5,130.0,36.0,0.9921350392198452
561,0014_1998,113.5,13.5,105.7,19.4,0.9980078655868012
562,0015_1998,141.5,11.0,135.8,36.9,0.9824295379495172
563,0016_1998,132.0,11.2,120.5,25.0,0.9928180891389553
564,0017_1998,114.5,8.5,108.6,11.4,0.9995352328002145
565,0018_1998,115.0,9.6,108.5,12.9,0.9993856947585743
566,0019_1998,113.6,12.5,109.1,14.2,0.9998033143597791
567,0020_1998,112.5,7.7,104.8,8.3,0.9999428021776421
568,0021_1998,133.1,10.5,109.3,12.6,0.999350362448657
569,0001_1999,132.9,11.5,128.5,13.5,0.9998314935864241
570,0002_1999,126.0,9.0,163.9,35.0,0.9903443148634835
571,0003_1999,113.1,13.7,115.0,22.8,0.9971754416300745
572,0004_1999,130.0,12.0,109.2,23.3,0.9930259555217431
573,0005_1999,116.5,14.5,116.2,16.0,0.9999154171434835
574,0006_1999,129.0,26.0,139.0,34.0,0.9991592861252889
575,0007_1999,154.8,22.8,142.5,32.5,0.9969595942714858
576,0008_1999,128.8,17.4,126.6,37.3,0.9884336193612734
577,0009_1999,115.5,17.1,118.0,25.5,0.9978330194865273
578,0010_1999,134.5,12.3,127.2,46.7,0.9662189669483914
579,0011_1999,140.0,19.0,119.6,35.5,0.9882191699241014
580,0012_1999,115.5,21.1,125.3,31.4,0.9978979450950156
581,0013_1999,129.7,13.6,132.2,36.3,0.9866630038556864
582,0014_1999,180.0,29.5,158.5,35.5,0.9983246318166297
583,0015_1999,176.4,19.7,167.7,26.4,0.9989910256003451
584,0016_1999,141.3,25.6,147.2,29.5,0.9998278271640163
585,0017_1999,127.0,13.5,123.0,32.4,0.9885213035851869
586,0018_1999,121.8,16.5,111.6,24.6,0.9966142618230692
587,0019_1999,137.0,23.5,149.0,39.0,0.9962937690909561
588,0020_1999,129.5,26.0,124.9,34.5,0.9974547388366183
589,0021_1999,131.0,20.0,141.7,44.7,0.9881542186267034
590,0022_1999,113.2,17.5,113.8,22.5,0.9991257418031795
591,0023_1999,131.5,17.0,118.3,26.1,0.9960791471048961
592,0024_1999,119.8,15.1,106.5,17.3,0.9993645164833639
593,0025_1999,130.8,10.8,123.9,12.4,0.9998492038296164
594,0026_1999,131.2,16.7,153.0,35.0,0.9951741256140616
595,0027_1999,113.2,7.0,108.8,8.3,0.9998966027559202
596,0028_1999,113.5,11.0,110.5,11.5,0.9999749048775024
597,0001_2000,136.0,9.6,149.5,28.4,0.993133116374204
598,0002_2000,119.2,16.0,146.8,33.5,0.9958688011616432
599,0003_2000,116.0,18.0,126.8,22.2,0.9998122616976631
600,0004_2000,110.9,12.6,105.8,19.0,0.9979167700158398
601,0005_2000,114.0,16.5,113.9,22.1,0.9988525439140119
602,0006_2000,133.0,14.0,146.5,42.1,0.984734431146799
603,0007_2000,117.2,15.3,125.5,41.0,0.9827609403688141
604,0008_2000,131.0,11.5,107.4,20.3,0.9950790173824016
605,0009_2000,144.7,20.5,144.0,37.0,0.9938714933012345
606,0010_2000,124.4,17.3,131.1,38.2,0.9894553888663716
607,0011_2000,176.4,10.3,175.8,14.3,0.9997391799009291
608,0012_2000,152.0,22.1,118.0,31.0,0.993675905859212
609,0013_2000,143.0,15.0,149.3,39.9,0.9877583672284924
610,0014_2000,137.0,11.5,124.0,34.5,0.9824514117166132
611,0015_2000,112.1,14.9,105.8,16.1,0.9998219129325573
612,0016_2000,132.0,19.0,133.6,43.2,0.9856212383861412
613,0017_2000,115.5,18.8,114.0,28.1,0.9967762368008973
614,0018_2000,156.0,16.0,133.6,42.7,0.9786224677910091
615,0019_2000,135.5,20.2,122.8,16.6,0.9999072091063652
616,0020_2000,117.6,17.0,104.4,17.8,0.999679696568468
617,0021_2000,140.5,22.7,154.6,47.6,0.9904243219428102
618,0022_2000,172.5,15.1,178.0,43.3,0.9885744673480781
619,0023_2000,110.5,10.6,112.9,15.7,0.9990953099249511
620,0024_2000,139.0,21.0,125.0,25.1,0.9988376650744495
621,0025_2000,133.5,9.8,129.0,31.0,0.9868159765045249
622,0026_2000,132.0,9.1,114.0,20.7,0.9938689057787117
623,0027_2000,132.0,9.2,106.4,9.2,0.999861105451133
624,0028_2000,130.3,7.4,130.4,14.3,0.9986224514265463
625,0028_2001,131.5,14.9,111.3,12.8,0.9999985977182337
626,0001_2001,120.0,11.8,134.6,27.7,0.9944985195901699
627,0002_2001,136.4,11.9,135.5,38.0,0.9826784647326872
628,0003_2001,117.0,16.0,104.5,22.8,0.9968885129524195
629,0004_2001,138.5,7.2,106.5,23.6,0.9862315348196711
630,0005_2001,128.8,12.8,119.3,24.6,0.9945657865837482
631,0006_2001,151.7,24.0,159.4,40.0,0.9960458792169736
632,0007_2001,125.7,19.0,108.5,22.2,0.9986584341434722
633,0008_2001,133.4,13.6,120.2,40.2,0.9756457189099931
634,0009_2001,139.0,18.0,130.4,37.6,0.9884779362070404
635,0010_2001,152.8,10.4,155.8,45.2,0.9771029561893908
636,0011_2001,113.0,17.0,104.0,18.0,0.9997567660216057
637,0012_2001,146.3,18.3,142.2,39.9,0.9889026060700316
638,0013_2001,118.0,15.5,116.0,14.0,0.9999448814452115
639,0014_2001,140.1,16.3,170.9,42.6,0.9917596602627801
640,0015_2001,163.3,20.5,168.0,42.6,0.9923891506276866
641,0016_2001,115.0,20.0,104.8,18.4,0.9999987034598823
642,0017_2001,156.3,18.7,152.4,45.9,0.9849927537139271
643,0018_2001,123.0,24.5,112.3,22.9,0.999989665197158
644,0019_2001,140.0,22.1,160.6,46.7,0.9920201624209465
645,0020_2001,166.9,15.0,164.1,45.6,0.9835906843076992
646,0021_2001,125.8,21.0,125.5,30.0,0.9976042692990919
647,0022_2001,146.6,14.3,151.5,34.3,0.9921461699961944
648,0023_2001,130.2,17.0,145.8,33.6,0.9953316334175362
649,0024_2001,156.8,5.3,162.8,38.1,0.9808331766547784
650,0025_2001,128.0,10.2,106.2,13.4,0.9989424496829954
651,0026_2001,143.2,11.0,136.0,24.0,0.9952011461712518
652,0027_2001,109.0,6.0,117.3,8.1,0.999902646094466
653,0029_2001,162.3,4.8,168.5,32.1,0.9874363229918564
654,0001_2002,134.0,9.2,122.1,19.0,0.9963194712629763
655,0002_2002,155.5,6.0,134.8,16.7,0.9964156803637703
656,0003_2002,132.7,6.3,116.7,11.3,0.9987953937714109
657,0004_2002,149.4,7.3,179.4,39.8,0.9856706667000802
658,0005_2002,116.0,19.0,120.2,22.1,0.9998103095484463
659,0006_2002,112.8,19.7,128.4,28.4,0.9989976507287381
660,0007_2002,138.0,9.8,129.8,38.5,0.9764510875511873
661,0008_2002,154.7,4.8,143.5,47.5,0.9586316955620064
662,0009_2002,158.7,8.8,146.5,39.8,0.9780567367258988
663,0010_2002,116.4,21.3,126.8,32.0,0.9978084625090442
664,0011_2002,170.7,11.5,119.0,39.0,0.9690527700827579
665,0012_2002,126.3,10.6,119.4,16.4,0.9986080719951725
666,0013_2002,149.1,23.7,129.8,31.3,0.9968820787433482
667,0014_2002,180.4,16.1,177.0,19.0,0.9998393541256044
668,0015_2002,120.0,19.0,116.0,27.6,0.9970708670428691
669,0016_2002,160.5,8.9,151.8,44.0,0.9744069554835426
670,0017_2002,113.6,13.5,108.1,24.8,0.9942562083124663
671,0018_2002,163.4,15.4,130.8,40.6,0.9786521687069704
672,0019_2002,155.0,16.0,115.4,28.2,0.9906562450828156
673,0020_2002,179.7,12.5,170.7,44.2,0.98313422942882
674,0021_2002,118.7,19.4,112.8,20.5,0.9998421072002326
675,0022_2002,139.4,22.1,145.1,34.8,0.9969470205627358
676,0023_2002,113.7,14.5,110.2,21.5,0.9978336234815317
677,0024_2002,157.4,15.6,141.1,46.2,0.9764102144987657
678,0025_2002,156.0,10.1,149.0,34.0,0.9872760972060065
679,0026_2002,162.6,18.0,178.0,33.0,0.9973323208298865
680,0027_2002,179.9,15.5,175.0,28.4,0.9971935816621154
681,0028_2002,147.0,9.0,146.0,30.0,0.9900040858583573
682,0029_2002,163.5,8.3,160.0,29.0,0.9917446591448387
683,0001_2003,163.1,6.9,157.0,19.0,0.9969475831656114
684,0002_2003,160.1,6.7,129.7,32.1,0.979908435164265
685,0003_2003,127.7,7.3,129.0,15.0,0.9982802221202769
686,0004_2003,150.3,7.1,174.4,35.8,0.9879715213414536
687,0005_2003,118.5,16.5,135.4,36.1,0.9925422018986354
688,0006_2003,118.8,16.8,141.8,33.1,0.996056457140159
689,0007_2003,136.9,9.1,147.0,41.7,0.9780230723292991
690,0008_2003,132.8,10.2,103.0,20.0,0.9933796959228903
691,0009_2003,146.8,6.1,105.0,23.1,0.9847228714817334
692,0010_2003,127.5,15.4,117.6,25.8,0.9954181107302742
693,0011_2003,140.3,12.4,151.1,48.4,0.9754946735034892
694,0012_2003,150.6,9.3,103.0,22.0,0.9889562830420725
695,0013_2003,125.4,18.6,118.2,29.5,0.9952672960863479
696,0014_2003,118.3,19.5,116.0,22.0,0.9997105008430687
697,0015_2003,138.1,17.8,110.2,22.7,0.9971916450896604
698,0016_2003,151.1,10.3,141.2,44.7,0.9716865825281397
699,0017_2003,133.0,13.1,164.3,43.4,0.9872157049290917
700,0018_2003,140.5,15.9,160.9,47.1,0.9852299667004087
701,0019_2003,115.0,17.0,114.7,19.8,0.9997077656348153
702,0020_2003,131.8,15.1,154.6,38.2,0.9917978347060158
703,0021_2003,145.2,18.4,167.0,32.0,0.9979989941109556
704,0022_2003,132.3,12.6,130.8,30.8,0.9907242484613097
705,0023_2003,139.5,10.8,109.3,21.5,0.9931678181899196
706,0024_2003,164.5,9.5,144.1,32.2,0.9868812396831538
707,0025_2003,136.8,13.3,124.6,9.5,0.9997832534543947
708,0001_2004,145.0,9.8,135.0,10.0,0.9999791635998841
709,0002_2004,138.0,6.5,124.7,16.9,0.9961622575407761
710,0003_2004,152.8,6.4,180.0,39.3,0.9850556223724688
711,0004_2004,132.5,7.2,145.8,37.4,0.9806942775059859
712,0005_2004,113.1,9.8,109.7,10.2,0.9999802734235512
713,0006_2004,141.4,6.3,134.8,19.2,0.9953033907112018
714,0007_2004,116.2,15.0,142.6,38.0,0.9912940662048642
715,0008_2004,132.2,8.6,104.5,15.3,0.9967682835715639
716,0009_2004,139.1,6.5,139.1,41.3,0.9708789987055986
717,0010_2004,146.0,14.6,129.4,40.0,0.9800401325343088
718,0011_2004,153.3,11.3,159.8,40.1,0.9851959011151135
719,0012_2004,136.3,19.1,114.2,23.7,0.997862148936477
720,0013_2004,151.0,20.7,140.2,44.4,0.9855066665466024
721,0014_2004,118.2,19.2,115.7,23.3,0.9992896343990154
722,0015_2004,148.7,22.5,137.1,39.2,0.9917782656393378
723,0016_2004,166.1,16.5,175.6,42.2,0.9906528832514365
724,0017_2004,136.8,15.3,112.5,28.4,0.9907799683206473
725,0018_2004,150.4,23.5,178.9,38.9,0.99825349164576
726,0019_2004,140.9,14.7,153.8,42.5,0.9863110964152358
727,0021_2004,165.0,11.2,145.0,46.0,0.971474791333925
728,0020_2004,142.0,9.7,112.9,22.6,0.991644400688635
729,0022_2004,152.2,13.1,145.6,16.1,0.9997054940843153
730,0023_2004,171.0,10.5,146.1,48.7,0.9662808779788442
731,0024_2004,155.6,14.0,137.1,28.2,0.9936079269707845
732,0025_2004,119.6,23.0,116.6,50.9,0.9755443873762351
733,0026_2004,149.5,12.5,151.9,36.2,0.9886913124058719
734,0027_2004,135.3,16.5,150.1,39.6,0.9906854421277043
735,0028_2004,151.0,12.0,157.3,44.1,0.9812341459751519
736,0029_2004,164.2,10.5,141.9,31.5,0.9880754173656032
737,0030_2004,134.6,8.9,107.4,8.3,0.999938371665116
738,0031_2004,124.9,15.6,119.2,17.0,0.9998485247249108
739,0032_2004,153.7,5.7,122.6,23.2,0.9887780119829608
740,0033_2004,177.8,5.9,130.6,19.0,0.9938128057078708
741,0034_2004,153.5,11.5,172.0,25.0,0.9975817348947814
742,0001_2005,150.2,6.0,155.8,18.9,0.996737939886985
743,0002_2005,151.4,6.0,110.5,10.5,0.9984807938170924
744,0003_2005,141.9,8.7,167.7,27.0,0.9951628451183732
745,0004_2005,148.4,8.7,147.4,36.6,0.9829687167251288
746,0005_2005,154.1,22.1,114.5,28.3,0.9950178022284375
747,0006_2005,168.0,21.3,165.5,42.6,0.9920950999833722
748,0007_2005,138.0,13.2,153.6,48.4,0.9780531021102976
749,0008_2005,113.0,18.0,103.3,20.4,0.9993152316490083
750,0009_2005,137.9,9.0,122.6,40.2,0.9684963182256556
751,0010_2005,130.6,14.0,111.8,29.2,0.9889668947631335
752,0012_2005,142.8,20.5,160.8,39.6,0.995115307487926
753,0011_2005,153.5,21.6,164.7,45.6,0.9915226423551258
754,0013_2005,144.6,12.5,114.1,28.4,0.9875885416445538
755,0014_2005,154.0,14.6,147.9,47.4,0.9768435462471815
756,0015_2005,142.3,8.2,126.2,36.8,0.9745319183783224
757,0016_2005,115.6,14.1,99.8,20.0,0.9970823190462393
758,0017_2005,155.1,19.9,174.8,42.2,0.9940350009006691
759,0018_2005,127.0,13.2,103.9,19.5,0.9966433934229881
760,0019_2005,145.3,18.9,115.6,26.0,0.9957817579431381
761,0020_2005,137.9,22.0,143.3,31.7,0.9982300712883283
762,0021_2005,115.1,12.7,105.4,19.7,0.9971977464657676
763,0022_2005,138.5,11.5,114.9,17.7,0.9975507858487725
764,0023_2005,129.6,8.8,121.1,17.9,0.9968849114977038
765,0024_2005,127.3,7.9,109.1,8.5,0.9998755857855945
766,0001_2006,138.3,5.0,134.4,4.1,0.9999840892846747
767,0002_2006,135.3,8.7,128.7,32.8,0.9828753365388466
768,0003_2006,127.3,10.8,110.5,21.3,0.9944096329876098
769,0004_2006,139.8,6.0,140.9,48.2,0.9591778995990589
770,0005_2006,110.4,16.2,107.4,21.9,0.998462842811616
771,0006_2006,140.5,11.6,104.9,22.6,0.9915846460128308
772,0007_2006,147.8,8.9,108.5,21.5,0.9908367990725537
773,0008_2006,129.5,13.4,106.6,23.9,0.9931109775934956
774,0009_2006,152.2,21.2,150.7,46.0,0.9875660786979213
775,0010_2006,148.5,10.0,114.6,30.1,0.9820773194477774
776,0011_2006,132.8,20.5,113.9,22.1,0.999259353482408
777,0012_2006,141.2,20.7,133.4,41.8,0.9875298886652126
778,0013_2006,125.9,17.0,140.2,30.2,0.9969635382865925
779,0014_2006,109.6,17.4,111.8,22.1,0.9992889377475578
780,0015_2006,202.9,10.0,166.2,51.9,0.9680571798223753
781,0016_2006,138.7,13.3,140.2,44.2,0.9780720094257643
782,0017_2006,120.0,20.4,111.7,21.6,0.9997440140551771
783,0018_2006,156.2,19.7,176.4,48.9,0.9895113201491176
784,0019_2006,115.0,13.2,105.9,18.0,0.9985380247061449
785,0020_2006,129.1,11.8,103.8,15.8,0.9982060803529258
786,0021_2006,143.5,12.9,140.4,29.7,0.9929503032818948
787,0022_2006,151.0,17.7,151.0,30.0,0.9968466500126849
788,0023_2006,160.0,13.3,171.5,38.0,0.990885558544125
789,0024_2006,141.6,12.3,111.4,12.5,0.9996851635203867
790,0025_2006,136.9,15.6,110.4,16.7,0.9993278206264196
791,0026_2006,147.2,9.6,105.6,9.1,0.9997829235180559
792,0027_2006,136.6,9.1,113.0,17.0,0.9965737828058964
793,0028_2006,156.9,7.7,123.9,12.8,0.998547346775797
794,0001_2007,158.2,5.8,160.0,27.0,0.9914931814192012
795,0002_2007,146.6,8.1,156.0,30.8,0.9902532745839497
796,0003_2007,111.7,15.4,105.2,22.6,0.9972181864959
797,0004_2007,148.9,5.6,157.2,36.7,0.9816700996076715
798,0005_2007,155.3,19.0,148.9,42.3,0.9880034650552502
799,0006_2007,115.2,12.1,106.6,18.8,0.997557000058977
800,0007_2007,137.5,18.4,115.0,23.4,0.9977085595686588
801,0008_2007,130.0,15.0,119.4,23.6,0.9967806481024962
802,0009_2007,135.8,17.6,106.0,25.0,0.994727658190096
803,0010_2007,152.5,16.7,141.5,43.4,0.9822805695832063
804,0011_2007,161.3,23.6,172.9,39.6,0.9968120513918003
805,0012_2007,138.8,18.6,138.4,39.0,0.9900115737878046
806,0013_2007,133.6,19.4,123.9,37.9,0.9883713407487508
807,0014_2007,122.0,19.5,105.5,20.7,0.9993787176366931
808,0015_2007,125.0,17.3,100.8,17.5,0.9994093624005538
809,0016_2007,130.8,17.6,136.7,32.4,0.9951066856559084
810,0017_2007,168.7,27.8,170.7,33.6,0.999518602358219
811,0018_2007,146.7,19.7,167.5,44.0,0.9923966412030198
812,0019_2007,174.9,23.0,173.1,34.3,0.9978970718431522
813,0020_2007,145.8,17.6,170.1,37.8,0.9951491665933906
814,0021_2007,134.4,18.8,162.9,42.8,0.9930517620475146
815,0022_2007,132.5,18.1,107.1,10.7,0.9993453127592258
816,0023_2007,140.5,20.4,152.4,28.2,0.9992480834327575
817,0024_2007,139.3,11.4,127.5,20.0,0.9972677544567088
818,0025_2007,127.1,9.2,125.7,14.4,0.9991263687900626
819,0001_2008,118.1,13.0,108.3,6.4,0.9987196700992479
820,0002_2008,121.6,8.8,113.6,24.5,0.9901918339502778
821,0003_2008,133.3,7.7,149.9,34.9,0.9854071757154429
822,0004_2008,123.8,16.4,141.0,27.2,0.9982681297432464
823,0005_2008,116.9,11.8,148.3,36.2,0.9903802935579848
824,0006_2008,140.1,10.7,158.2,31.7,0.9926238083084441
825,0007_2008,134.2,8.4,115.8,27.6,0.9853358451876922
826,0008_2008,126.4,20.1,139.4,45.0,0.9880804225451817
827,0009_2008,133.2,21.8,116.6,33.7,0.9929124205040389
828,0010_2008,120.2,19.1,103.4,21.3,0.998961865129211
829,0011_2008,151.4,27.4,167.0,44.1,0.9968701711535898
830,0012_2008,132.5,23.7,168.5,44.1,0.9968824405457424
831,0013_2008,138.8,15.7,112.3,23.3,0.9957761530574151
832,0014_2008,125.9,15.9,120.6,21.1,0.9988682949887079
833,0015_2008,126.7,15.4,160.2,34.4,0.9959017073327983
834,0016_2008,141.2,15.9,103.5,22.3,0.9949960842021971
835,0017_2008,138.6,11.6,141.5,25.0,0.9958282735582336
836,0018_2008,112.9,14.0,102.6,19.1,0.9981595792589782
837,0019_2008,134.3,8.0,116.5,23.4,0.9903933916807081
838,0020_2008,108.5,18.0,105.6,18.5,0.9999592466818645
839,0021_2008,151.4,21.4,162.5,42.6,0.9932833314616785
840,0022_2008,127.8,8.4,110.6,11.7,0.9992096220153334
841,0023_2008,146.4,22.9,168.6,37.1,0.9981136400179181
842,0024_2008,121.7,8.4,105.1,12.9,0.9985843360612441
843,0025_2008,147.2,12.5,144.5,25.5,0.9959566002816003
844,0001_2009,124.0,12.8,150.9,34.4,0.9926553413453383
845,0002_2009,111.0,9.6,128.7,25.7,0.9938652054931616
846,0003_2009,116.7,17.4,152.3,40.1,0.9940170791822291
847,0004_2009,129.2,10.9,114.4,23.3,0.9931916225448878
848,0005_2009,122.0,18.6,105.0,20.8,0.9990202698143369
849,0006_2009,127.5,18.4,118.7,25.9,0.9974445488279977
850,0007_2009,128.6,14.1,109.6,23.8,0.9945315550526103
851,0008_2009,129.8,15.7,113.2,19.3,0.9988240886416311
852,0009_2009,133.7,20.2,141.9,41.2,0.9912181238735629
853,0010_2009,139.9,23.0,155.9,39.1,0.9965750613781575
854,0011_2009,160.7,11.6,164.7,48.5,0.9771210492767417
855,0012_2009,149.0,21.6,155.5,43.5,0.9917158932331103
856,0013_2009,130.0,17.6,167.4,45.5,0.9914544630537595
857,0014_2009,118.9,17.0,103.0,20.4,0.9985685210158703
858,0015_2009,153.4,14.3,156.0,38.8,0.9886482131527381
859,0016_2009,121.0,18.8,108.8,23.2,0.998435242916164
860,0017_2009,128.5,14.1,105.0,15.1,0.999437591565444
861,0018_2009,157.8,10.3,143.5,14.0,0.999485700198496
862,0019_2009,145.5,9.5,106.1,20.4,0.9922283347247718
863,0020_2009,160.0,10.0,147.8,42.2,0.9768263583393803
864,0021_2009,144.0,15.2,160.0,34.0,0.9945740857778738
865,0022_2009,149.0,10.5,164.8,50.5,0.9743473499841934
866,0023_2009,111.2,15.5,109.4,18.0,0.9996980099415845
867,0024_2009,152.5,11.8,107.0,12.7,0.9991630690198804
868,0025_2009,129.6,15.9,123.2,16.0,0.9999749924978055
869,0026_2009,155.8,20.6,161.6,21.1,0.9999986821888909
870,0027_2009,148.6,6.5,134.0,21.7,0.9931828045654891
871,0001_2010,142.6,7.9,132.1,17.7,0.9969709903783374
872,0002_2010,132.6,13.6,105.1,21.2,0.9953151460639488
873,0003_2010,123.1,15.8,106.4,23.6,0.995897011190474
874,0004_2010,126.5,25.7,123.8,30.6,0.9991230806053577
875,0005_2010,124.3,20.7,151.2,43.4,0.9934515835561446
876,0006_2010,115.1,16.3,104.1,19.4,0.9990511856989285
877,0007_2010,117.2,15.6,111.2,22.5,0.9977352156970255
878,0008_2010,139.0,18.5,158.8,39.4,0.9938586735999471
879,0009_2010,124.4,25.2,118.8,24.8,0.9999824117855389
880,0010_2010,141.4,15.2,148.4,33.9,0.993105067671303
881,0011_2010,123.7,22.6,150.0,37.8,0.997812682656815
882,0012_2010,129.1,19.6,108.2,23.6,0.9979474813591571
883,0013_2010,146.4,18.8,153.4,43.8,0.9887095563794034
884,0014_2010,109.9,17.2,111.7,20.8,0.9995836399622091
885,0015_2010,141.4,11.8,118.6,26.2,0.991013979079179
886,0016_2010,158.6,19.9,154.6,22.6,0.9997932515933826
887,0017_2010,133.6,15.0,149.6,38.3,0.9903792004070223
888,0018_2010,111.4,13.1,106.8,15.0,0.9997473342814204
889,0001_2011,111.4,8.7,111.5,8.8,0.9999996623604903
890,0002_2011,133.7,11.3,146.8,17.6,0.9993874124726336
891,0003_2011,128.2,11.7,150.7,41.1,0.9846846339685429
892,0004_2011,141.5,8.3,151.0,36.5,0.9840965121788827
893,0005_2011,115.9,19.0,119.8,22.8,0.9996728761618667
894,0006_2011,120.1,14.3,116.9,23.6,0.9967459277517935
895,0007_2011,129.4,9.1,103.2,19.3,0.9934324958505997
896,0008_2011,133.2,11.2,125.5,38.8,0.9767721096375513
897,0009_2011,157.3,18.4,151.1,43.0,0.9870986043372035
898,0010_2011,133.5,14.8,134.6,14.4,0.9999926567605837
899,0011_2011,127.5,12.9,102.2,18.1,0.9972296701793636
900,0012_2011,141.6,10.0,126.3,43.9,0.9653493758059992
901,0013_2011,163.3,23.2,164.6,44.3,0.9925937086165434
902,0014_2011,137.2,23.0,142.1,31.8,0.9985388642512194
903,0015_2011,128.8,11.9,118.1,24.9,0.993318238373856
904,0016_2011,142.8,15.3,135.7,44.7,0.9777226860453867
905,0017_2011,148.3,20.2,149.6,46.2,0.9865568401046247
906,0018_2011,132.2,17.9,126.5,33.4,0.9923763872904799
907,0019_2011,144.4,20.3,151.2,45.9,0.9880016987125632
908,0020_2011,154.6,21.2,165.0,41.6,0.9938794535577116
909,0021_2011,139.4,12.8,105.3,21.3,0.9941714237875816
910,0022_2011,110.6,16.2,106.3,16.8,0.999936073756857
911,0023_2011,139.5,18.0,107.4,18.0,0.9992882609604347
912,0024_2011,135.3,8.0,118.0,19.2,0.9947781230828153
913,0025_2011,110.8,13.1,110.7,17.1,0.9993672593201536
914,0026_2011,115.2,9.7,109.5,6.9,0.9997779779183577
915,0027_2011,145.0,6.0,111.9,9.7,0.9989825958812573
916,0001_2012,130.2,7.9,110.3,9.4,0.9997019659596006
917,0002_2012,115.5,9.9,106.3,12.2,0.9995863373202484
918,0003_2012,148.0,10.7,155.0,32.0,0.9913768738638123
919,0004_2012,127.0,13.8,155.3,41.5,0.9883355949749018
920,0005_2012,148.6,7.5,146.9,42.7,0.9731047708549122
921,0006_2012,112.1,19.2,120.1,24.7,0.9994487960213864
922,0007_2012,135.2,11.0,110.6,22.8,0.9925528357824314
923,0008_2012,143.7,19.2,129.8,40.8,0.9852913020374764
924,0009_2012,128.5,14.8,105.1,22.2,0.9956322799244731
925,0010_2012,131.5,10.6,111.6,25.5,0.9896206481478745
926,0011_2012,148.6,24.8,119.4,39.4,0.9882625402360148
927,0012_2012,146.5,22.4,117.2,29.9,0.9951954586908935
928,0013_2012,162.0,24.0,147.5,45.9,0.9880717606967112
929,0014_2012,131.8,16.6,102.6,23.1,0.9953797190873106
930,0015_2012,125.9,21.4,132.5,39.6,0.9925610337139545
931,0016_2012,142.2,14.2,145.4,53.7,0.9678503084701557
932,0017_2012,134.9,8.5,134.8,48.0,0.9612879846939932
933,0018_2012,135.9,14.1,149.2,43.8,0.9834546053601405
934,0019_2012,140.3,15.5,154.2,40.8,0.9889744953322264
935,0020_2012,151.0,12.7,155.2,43.8,0.9817855636702875
936,0021_2012,112.1,13.1,105.2,12.7,0.9999927467733681
937,0022_2012,144.6,14.7,149.0,33.6,0.9927508441237617
938,0023_2012,147.1,16.2,161.1,32.3,0.9961141466446864
939,0024_2012,135.0,6.4,108.1,21.5,0.9889265517529583
940,0025_2012,118.1,6.5,106.6,11.8,0.9984734039565587
941,0026_2012,157.4,3.4,119.4,18.1,0.991710548689586
942,0027_2012,133.8,8.3,106.9,6.3,0.9999952321222781
943,0001_2013,140.8,4.3,110.7,4.0,0.9999843888582873
944,0002_2013,131.0,5.0,109.5,3.6,0.9999860368187173
945,0003_2013,129.5,15.7,140.1,30.7,0.9954839827712061
946,0004_2013,128.2,12.2,150.1,34.1,0.9917536750974826
947,0005_2013,116.8,15.3,105.8,21.8,0.9973400588321674
948,0006_2013,132.2,9.0,107.2,25.2,0.9867596672741481
949,0007_2013,150.9,18.9,115.3,29.3,0.9922905757930268
950,0008_2013,128.5,13.5,117.7,26.0,0.9936521625826464
951,0009_2013,120.0,12.3,105.3,22.3,0.9943290050264862
952,0010_2013,117.6,10.7,104.2,20.0,0.9951137988755727
953,0011_2013,135.9,12.7,108.7,23.1,0.9932545235802318
954,0012_2013,123.6,23.0,111.5,27.0,0.9985638964044475
955,0013_2013,130.5,26.8,121.4,28.8,0.9995386090782591
956,0014_2013,189.3,8.8,165.1,32.0,0.9895067014220054
957,0015_2013,184.7,15.9,178.8,17.4,0.9999379938844302
958,0016_2013,128.5,13.5,131.9,33.0,0.9901485294350778
959,0017_2013,176.6,33.5,171.9,31.0,0.9999590755187058
960,0018_2013,122.4,24.8,133.5,32.2,0.9993240677020822
961,0019_2013,148.2,19.6,154.0,50.0,0.9834025544086398
962,0020_2013,132.4,17.5,107.8,24.8,0.9955185706187349
963,0021_2013,112.2,15.4,106.9,15.9,0.9999366964473066
964,0022_2013,148.5,14.5,156.5,42.5,0.9859485965197294
965,0023_2013,118.3,14.9,102.3,17.6,0.9989838938178193
966,0024_2013,151.7,26.2,153.7,48.2,0.9911867374445521
967,0025_2013,134.1,10.2,117.8,26.7,0.9892188954851076
968,0026_2013,151.8,17.5,135.8,37.8,0.9877473614014332
969,0027_2013,131.5,14.0,102.3,16.2,0.9987003290716532
970,0028_2013,146.3,13.5,148.6,43.7,0.9812410534968511
971,0029_2013,146.8,13.2,144.2,32.6,0.9912135300634863
972,0030_2013,152.9,14.5,147.0,31.8,0.9929878821729045
973,0031_2013,162.4,9.0,158.3,40.1,0.9814839322853848
974,0032_2013,142.2,12.5,110.2,16.9,0.9979210483517217
975,0033_2013,132.5,8.2,101.0,11.6,0.9986199612909346
976,0034_2013,156.0,6.0,108.6,22.5,0.986278481575554
977,0035_2013,126.6,7.5,107.7,12.0,0.9986591774500052
978,0001_2014,127.9,9.8,128.1,6.9,0.9997432557065061
979,0002_2014,143.2,9.9,118.1,11.3,0.9996524112888716
980,0003_2014,147.8,8.8,158.8,23.5,0.9961787823831241
981,0004_2014,126.9,9.5,118.8,9.1,0.9999985081769747
982,0005_2014,147.4,1.7,130.6,8.1,0.998729716942819
983,0006_2014,146.2,10.0,145.0,24.9,0.994825667355933
984,0007_2014,120.0,20.7,135.8,28.9,0.9992448165965314
985,0008_2014,116.6,19.8,159.8,34.9,0.9989043791648526
986,0009_2014,146.2,8.0,143.2,38.0,0.9791179540476431
987,0010_2014,152.3,8.8,105.1,23.0,0.9875869725149863
988,0011_2014,136.0,9.8,126.2,39.4,0.9735112263057232
989,0012_2014,151.0,11.4,146.1,48.3,0.9703961289424627
990,0013_2014,131.2,18.3,126.8,35.8,0.9906868308256931
991,0014_2014,226.0,12.0,171.4,39.1,0.9853749271550712
992,0015_2014,117.2,20.9,129.8,36.7,0.9950958303973533
993,0016_2014,128.5,18.6,172.8,40.4,0.9963109543777623
994,0017_2014,116.6,16.5,110.4,21.1,0.99883524298029
995,0018_2014,141.0,10.0,102.8,22.9,0.989011804157726
996,0019_2014,132.2,12.4,135.0,37.5,0.9843017485910698
997,0020_2014,149.8,18.6,165.5,41.0,0.992890804338516
998,0021_2014,157.0,11.2,163.2,39.8,0.9859234252011682
999,0022_2014,161.3,7.6,178.5,52.7,0.9713379708122747
1000,0023_2014,141.0,12.5,159.5,42.1,0.9856451185099815
1001,0024_2014,128.1,8.2,107.8,13.5,0.9981608639502071
1002,0025_2014,156.0,2.8,109.2,9.2,0.9978159388191989
1003,0026_2014,129.1,7.8,119.4,7.1,0.9999995479162263
1004,0026_2015,118.8,6.8,171.5,40.6,0.9846780004011453
1005,0001_2015,142.8,8.6,123.9,16.7,0.9972760076334423
1006,0002_2015,158.2,8.3,152.6,17.5,0.9980932764285257
1007,0003_2015,169.9,6.9,121.7,14.0,0.9972674099490701
1008,0004_2015,161.3,5.6,117.0,20.0,0.9909551148882686
1009,0005_2015,157.1,7.4,150.6,9.1,0.99991178727016
1010,0006_2015,142.8,7.6,178.3,47.8,0.9782892134911603
1011,0007_2015,157.9,4.2,155.7,39.7,0.9752239857611086
1012,0008_2015,112.2,14.9,106.1,21.7,0.9975708442101956
1013,0009_2015,161.1,9.0,125.4,38.2,0.9713648848146553
1014,0010_2015,129.9,13.3,112.8,22.5,0.9955048129217433
1015,0011_2015,171.7,8.4,136.2,39.7,0.9725745282331566
1016,0012_2015,189.6,11.4,130.1,33.6,0.9814934264492489
1017,0013_2015,123.0,17.3,127.2,21.8,0.9995500084173979
1018,0014_2015,160.7,13.7,128.6,34.3,0.9846211270491976
1019,0015_2015,147.8,21.4,165.3,38.6,0.9963374405735197
1020,0016_2015,150.3,12.2,129.8,44.8,0.9685773115625985
1021,0017_2015,163.5,14.8,167.7,45.0,0.9852638179249522
1022,0018_2015,204.0,13.1,154.0,55.6,0.9604040738838152
1023,0019_2015,139.5,19.9,138.5,41.0,0.9893444345405726
1024,0020_2015,113.0,15.6,105.7,15.3,0.999978451057489
1025,0021_2015,150.7,14.9,173.6,44.5,0.9884123476280067
1026,0022_2015,141.7,15.3,116.6,28.7,0.9910641066509009
1027,0023_2015,126.4,13.0,108.3,23.2,0.9941150417367558
1028,0024_2015,167.5,18.6,150.2,53.8,0.9728949395153782
1029,0025_2015,150.5,14.0,122.2,19.3,0.997959882688715
1030,0027_2015,162.9,4.5,139.6,23.9,0.9899430976425986
1031,0028_2015,142.7,7.5,118.8,13.7,0.9980597830012063
1032,0029_2015,132.7,8.1,124.4,7.6,0.9999999985896737
1033,0001_2016,114.8,18.8,114.6,25.7,0.9983018443382385
1034,0002_2016,145.3,8.2,116.5,26.4,0.9861757326149542
1035,0003_2016,130.2,19.3,128.2,28.4,0.9974914534901562
1036,0004_2016,151.5,24.8,152.7,48.7,0.9892922683689739
1037,0005_2016,114.8,17.1,105.1,21.3,0.998643705536976
1038,0006_2016,127.3,12.0,107.9,24.9,0.9911935660549711
1039,0007_2016,147.9,17.5,162.8,52.2,0.9815277330895983
1040,0008_2016,162.0,18.3,144.0,53.2,0.9710030304576399
1041,0009_2016,139.8,17.6,149.1,60.5,0.9663299098043274
1042,0010_2016,117.1,21.9,101.3,23.0,0.9992636016440843
1043,0011_2016,138.9,15.3,143.4,43.6,0.9828525607615124
1044,0012_2016,153.6,28.3,136.5,43.5,0.9920341414437132
1045,0013_2016,153.0,25.7,145.8,46.8,0.9896242964809472
1046,0014_2016,123.3,21.0,130.3,33.9,0.9963189824845784
1047,0015_2016,124.3,24.7,134.0,32.0,0.9992682473096705
1048,0016_2016,142.8,13.0,124.4,32.9,0.9859606336047853
1049,0017_2016,114.1,12.7,101.9,17.2,0.9984117922480387
1050,0018_2016,144.7,12.5,138.3,34.5,0.9874972494275542
1051,0019_2016,141.2,15.4,117.5,28.8,0.9913358981164087
1052,0020_2016,160.6,15.3,164.0,43.9,0.9861592881821484
1053,0021_2016,129.8,19.3,105.0,16.7,0.9999488164998108
1054,0022_2016,163.4,18.3,176.9,41.7,0.9928122407373158
1055,0023_2016,129.7,12.5,108.7,23.8,0.9928719162469314
1056,0024_2016,144.4,7.2,123.1,30.5,0.9814227322448648
1057,0025_2016,144.3,10.2,150.5,31.0,0.9912254252137954
1058,0026_2016,161.4,12.8,143.4,21.5,0.9975732394126975
1059,0027_2016,165.1,10.5,148.2,11.9,0.9998620122044747
1060,0028_2016,126.6,9.7,118.7,17.3,0.997671415685818
1061,0029_2016,145.5,6.9,112.2,11.9,0.9983022944227397
1062,0001_2017,130.2,10.9,131.0,8.9,0.9998769473485236
1063,0002_2017,144.1,8.9,142.0,22.9,0.995181599276006
1064,0003_2017,119.8,13.1,117.3,27.5,0.9926441172822321
1065,0004_2017,132.2,15.8,169.0,46.4,0.9889197362108683
1066,0005_2017,113.3,16.2,99.9,19.7,0.9986128090690262
1067,0006_2017,161.2,26.4,139.3,39.3,0.9936619888026265
1068,0007_2017,177.8,22.9,149.2,27.0,0.9987030213695609
1069,0008_2017,124.2,18.7,111.1,22.6,0.9986874636153651
1070,0009_2017,114.5,17.5,103.8,17.9,0.9998175486129003
1071,0010_2017,128.9,12.7,116.6,24.8,0.9938057700508576
1072,0011_2017,117.9,19.2,117.4,36.4,0.9903246026347083
1073,0012_2017,162.4,26.5,154.2,46.4,0.991492035024663
1074,0013_2017,170.7,15.9,176.2,42.6,0.9896009543236548
1075,0014_2017,129.6,18.7,99.8,23.7,0.9959657553843202
1076,0015_2017,128.7,15.4,106.7,23.6,0.9951444821131863
1077,0016_2017,147.0,18.8,179.0,53.2,0.9869563812170197
1078,0017_2017,119.9,19.3,113.5,23.7,0.9989304610492932
1079,0018_2017,129.8,16.2,119.6,24.5,0.9969681997300927
1080,0019_2017,145.2,14.9,148.0,56.9,0.9651503981617775
1081,0020_2017,126.1,14.8,100.1,19.5,0.997146479572595
1082,0021_2017,116.2,17.3,105.9,21.8,0.9984756004951609
1083,0022_2017,113.4,16.5,101.9,21.5,0.9979875574310921
1084,0023_2017,132.2,16.3,109.4,20.3,0.9981527362931496
1085,0024_2017,137.4,8.7,155.4,44.0,0.9774678975226558
1086,0025_2017,148.2,9.2,140.0,34.3,0.9841521968338345
1087,0026_2017,127.8,11.1,104.6,14.0,0.9989229973331353
1088,0027_2017,132.2,10.6,110.0,17.4,0.9970468339158826
1089,0028_2017,122.5,7.3,107.8,12.0,0.9986824224602957
1090,0029_2017,129.3,10.9,104.6,4.2,0.9990334829297471
1091,0030_2017,133.8,8.3,104.3,8.4,0.9998305414305643
1092,0001_2018,129.8,8.8,109.9,12.2,0.9990814653313126
1093,0002_2018,143.5,8.4,115.6,10.0,0.9996130344710821
1094,0003_2018,143.7,5.7,145.8,19.6,0.9955867148676666
1095,0004_2018,151.3,16.9,144.4,23.5,0.9987457320868003
1096,0005_2018,112.1,12.0,116.3,22.5,0.996435114681115
1097,0006_2018,131.1,13.0,152.1,38.8,0.9886315746318568
1098,0007_2018,117.3,21.5,151.7,37.3,0.9982113912208158
1099,0008_2018,132.9,19.8,140.5,41.7,0.9901293637882153
1100,0009_2018,148.0,10.1,112.5,32.4,0.977554350808579
1101,0010_2018,125.3,18.8,108.3,23.0,0.9981803996247465
1102,0011_2018,128.7,19.1,139.8,49.4,0.9815605839907541
1103,0012_2018,117.3,17.8,122.1,33.1,0.9934944534174217
1104,0013_2018,159.5,22.1,153.2,45.9,0.9882548181944353
1105,0014_2018,136.8,16.4,114.1,34.4,0.9849849518150463
1106,0015_2018,153.0,28.3,152.7,36.9,0.9985312880344217
1107,0016_2018,152.7,18.5,158.2,41.4,0.9908488738565773
1108,0017_2018,133.3,19.0,117.1,35.9,0.98787273186142
1109,0018_2018,144.8,17.4,129.2,35.8,0.9886638703271307
1110,0019_2018,111.7,16.9,100.1,19.6,0.999067083991781
1111,0020_2018,243.9,12.5,165.4,33.0,0.9894009276875751
1112,0021_2018,128.4,23.4,126.6,40.8,0.9913662657490308
1113,0022_2018,144.8,11.7,154.6,42.6,0.9823329828274172
1114,0023_2018,158.1,12.4,145.1,42.4,0.9788516665006471
1115,0024_2018,118.6,22.2,118.6,25.2,0.999704216688048
1116,0025_2018,159.6,12.0,136.9,62.1,0.9390946663098173
1117,0026_2018,167.8,12.1,105.9,24.0,0.988639302455094
1118,0027_2018,121.5,20.4,107.2,21.7,0.9994430423018626
1119,0028_2018,146.0,12.8,179.9,55.6,0.9775487120754173
1120,0029_2018,150.9,7.5,151.6,41.6,0.9762987951170677
1121,0030_2018,159.4,8.1,115.3,19.7,0.9929926822901234
1122,0031_2018,111.7,10.1,108.2,11.6,0.9998618013748793
1123,0032_2018,155.3,4.7,144.4,32.2,0.9821649156177985
1124,0033_2018,136.8,7.0,105.0,11.6,0.9982656021492227
1125,0034_2018,130.8,10.1,119.9,8.8,0.9999927759432214
